listing_id,name,category,recorded_status,recorded_last_checked,source_url_count,current_rendered_usage,production_priority,media_policy,proposed_delivery_file,proposed_image_field,target_ratio,loader_status,rights_status,acquisition_brief
bellagio-fountains,Fountains of Bellagio,free,open,2026-10-08,2,free/;on-this-week;planner-hidden-pool,P1,actual authorized photograph/publicity asset,assets/media/listings/bellagio-fountains.jpg,listings/bellagio-fountains.jpg,4:3 current card crop,optional image/image_credit supported; no current image fields,not established by source URLs,Actual photograph of this attraction and a valid viewing area; generic AI fountain art stays in labeled category/editorial slots.
bellagio-conservatory,Bellagio Conservatory & Botanical Gardens,free,open,2026-10-08,1,free/;planner-hidden-pool,P2,actual authorized photograph/publicity asset,assets/media/listings/bellagio-conservatory.jpg,listings/bellagio-conservatory.jpg,4:3 current card crop,optional image/image_credit supported; no current image fields,not established by source URLs,Actual photograph of this attraction and a valid viewing area; generic AI fountain art stays in labeled category/editorial slots.
eiffel-tower-deck,Eiffel Tower Viewing Deck,attractions,open,2026-10-08,2,planner-hidden-pool;tours/,P2,actual authorized photograph/publicity asset,assets/media/listings/eiffel-tower-deck.jpg,listings/eiffel-tower-deck.jpg,4:3 current card crop,optional image/image_credit supported; no current image fields,not established by source URLs,"Actual photograph of this attraction, ride, or exhibition; preserve geometry and current identity."
strat-skypod,The STRAT SkyPod & Thrill Rides,attractions,open,2026-10-08,1,planner-hidden-pool;tours/,P2,actual authorized photograph/publicity asset,assets/media/listings/strat-skypod.jpg,listings/strat-skypod.jpg,4:3 current card crop,optional image/image_credit supported; no current image fields,not established by source URLs,"Actual photograph of this attraction, ride, or exhibition; preserve geometry and current identity."
skyjump,SkyJump,attractions,open,2026-10-08,2,planner-hidden-pool;tours/,P2,actual authorized photograph/publicity asset,assets/media/listings/skyjump.jpg,listings/skyjump.jpg,4:3 current card crop,optional image/image_credit supported; no current image fields,not established by source URLs,"Actual photograph of this attraction, ride, or exhibition; preserve geometry and current identity."
slotzilla,SlotZilla Zipline,attractions,open,2026-10-08,1,planner-hidden-pool;tours/,P2,actual authorized photograph/publicity asset,assets/media/listings/slotzilla.jpg,listings/slotzilla.jpg,4:3 current card crop,optional image/image_credit supported; no current image fields,not established by source URLs,"Actual photograph of this attraction, ride, or exhibition; preserve geometry and current identity."
fremont-street,Fremont Street Experience,free,open,2026-10-08,2,free/;on-this-week;planner-hidden-pool,P1,actual authorized photograph/publicity asset,assets/media/listings/fremont-street.jpg,listings/fremont-street.jpg,4:3 current card crop,optional image/image_credit supported; no current image fields,not established by source URLs,Actual photograph of this attraction and a valid viewing area; generic AI fountain art stays in labeled category/editorial slots.
welcome-sign,Welcome to Fabulous Las Vegas Sign,free,open,2026-10-08,1,free/;planner-hidden-pool,P2,actual authorized photograph/publicity asset,assets/media/listings/welcome-sign.jpg,listings/welcome-sign.jpg,4:3 current card crop,optional image/image_credit supported; no current image fields,not established by source URLs,Actual photograph of this attraction and a valid viewing area; generic AI fountain art stays in labeled category/editorial slots.
high-roller,High Roller,attractions,open,2026-10-08,2,on-this-week;planner-hidden-pool;tours/,P1,actual authorized photograph/publicity asset,assets/media/listings/high-roller.jpg,listings/high-roller.jpg,4:3 current card crop,optional image/image_credit supported; no current image fields,not established by source URLs,"Actual photograph of this attraction, ride, or exhibition; preserve geometry and current identity."
fly-linq,FLY LINQ Zipline,attractions,likely_open,2026-10-08,0,not currently rendered,HOLD_VERIFICATION,verify listing before acquiring venue media,assets/media/listings/fly-linq.jpg,listings/fly-linq.jpg,4:3 current card crop,optional image/image_credit supported; no current image fields,not established by source URLs,"Actual photograph of this attraction, ride, or exhibition; preserve geometry and current identity."
big-apple-coaster,The Big Apple Coaster,attractions,likely_open,2026-10-08,1,tours/,HOLD_VERIFICATION,verify listing before acquiring venue media,assets/media/listings/big-apple-coaster.jpg,listings/big-apple-coaster.jpg,4:3 current card crop,optional image/image_credit supported; no current image fields,not established by source URLs,"Actual photograph of this attraction, ride, or exhibition; preserve geometry and current identity."
sphere,Sphere,shows,open,2026-10-08,1,planner-hidden-pool;shows/,P2,actual authorized photograph/publicity asset,assets/media/listings/sphere.jpg,listings/sphere.jpg,4:3 current card crop,optional image/image_credit supported; no current image fields,not established by source URLs,"Approved official show publicity still or poster with permission; do not synthesize the named performers, stage design, or advertised production."
venetian-gondola,Gondola Rides,attractions,open,2026-10-08,1,planner-hidden-pool;tours/,P2,actual authorized photograph/publicity asset,assets/media/listings/venetian-gondola.jpg,listings/venetian-gondola.jpg,4:3 current card crop,optional image/image_credit supported; no current image fields,not established by source URLs,"Actual photograph of this attraction, ride, or exhibition; preserve geometry and current identity."
love-sculpture,LOVE Sculpture,free,changed,2026-10-08,1,not currently rendered,HOLD_CLOSED_OR_HIDDEN,skip production until record becomes eligible,,,4:3 current card crop,optional image/image_credit supported; no current image fields,not established by source URLs,Actual photograph of this attraction and a valid viewing area; generic AI fountain art stays in labeled category/editorial slots.
flyover,FlyOver Las Vegas,attractions,likely_open,2026-10-08,0,not currently rendered,HOLD_VERIFICATION,verify listing before acquiring venue media,assets/media/listings/flyover.jpg,listings/flyover.jpg,4:3 current card crop,optional image/image_credit supported; no current image fields,not established by source URLs,"Actual photograph of this attraction, ride, or exhibition; preserve geometry and current identity."
avengers-station,Marvel Avengers S.T.A.T.I.O.N.,attractions,closed,2026-10-08,1,not currently rendered,HOLD_CLOSED_OR_HIDDEN,skip production until record becomes eligible,,,4:3 current card crop,optional image/image_credit supported; no current image fields,not established by source URLs,"Actual photograph of this attraction, ride, or exhibition; preserve geometry and current identity."
real-bodies,Real Bodies,attractions,changed,2026-10-08,2,tours/,P3_CATEGORY_PAGE,optional actual authorized photo; text-led card remains valid,assets/media/listings/real-bodies.jpg,listings/real-bodies.jpg,4:3 current card crop,optional image/image_credit supported; no current image fields,not established by source URLs,"Actual photograph of this attraction, ride, or exhibition; preserve geometry and current identity."
escape-game,The Escape Game,attractions,open,2026-10-08,1,planner-hidden-pool;tours/,P2,actual authorized photograph/publicity asset,assets/media/listings/escape-game.jpg,listings/escape-game.jpg,4:3 current card crop,optional image/image_credit supported; no current image fields,not established by source URLs,"Actual photograph of this attraction, ride, or exhibition; preserve geometry and current identity."
shark-reef,Shark Reef Aquarium,attractions,open,2026-10-08,1,planner-hidden-pool;tours/,P2,actual authorized photograph/publicity asset,assets/media/listings/shark-reef.jpg,listings/shark-reef.jpg,4:3 current card crop,optional image/image_credit supported; no current image fields,not established by source URLs,"Actual photograph of this attraction, ride, or exhibition; preserve geometry and current identity."
encore-beach-club,Encore Beach Club,pool-party,seasonal,2026-10-08,2,planner-hidden-pool;pools/,P2,actual authorized photograph/publicity asset,assets/media/listings/encore-beach-club.jpg,listings/encore-beach-club.jpg,4:3 current card crop,optional image/image_credit supported; no current image fields,not established by source URLs,Actual venue pool or approved event photograph; confirm season and event attribution separately.
wet-republic,Wet Republic,pool-party,closed,2026-10-08,2,not currently rendered,HOLD_CLOSED_OR_HIDDEN,skip production until record becomes eligible,,,4:3 current card crop,optional image/image_credit supported; no current image fields,not established by source URLs,Actual venue pool or approved event photograph; confirm season and event attribution separately.
xs,XS Nightclub,nightclubs,temp_closed,2026-10-08,6,nightlife/;on-this-week,P1,actual authorized photograph/publicity asset,assets/media/listings/xs.jpg,listings/xs.jpg,4:3 current card crop,optional image/image_credit supported; no current image fields,not established by source URLs,"Authorized actual venue interior or publicity photograph; do not invent a DJ, crowd, event, or advertised venue feature."
agt-live,America's Got Talent Presents Superstars Live,shows,closed,2026-10-08,1,not currently rendered,HOLD_CLOSED_OR_HIDDEN,skip production until record becomes eligible,,,4:3 current card crop,optional image/image_credit supported; no current image fields,not established by source URLs,"Approved official show publicity still or poster with permission; do not synthesize the named performers, stage design, or advertised production."
nathan-burton,Nathan Burton Comedy Magic,shows,open,2026-10-08,4,planner-hidden-pool;shows/,P2,actual authorized photograph/publicity asset,assets/media/listings/nathan-burton.jpg,listings/nathan-burton.jpg,4:3 current card crop,optional image/image_credit supported; no current image fields,not established by source URLs,"Approved official show publicity still or poster with permission; do not synthesize the named performers, stage design, or advertised production."
criss-angel-mindfreak,Criss Angel MINDFREAK,shows,likely_open,2026-10-08,2,shows/,HOLD_VERIFICATION,verify listing before acquiring venue media,assets/media/listings/criss-angel-mindfreak.jpg,listings/criss-angel-mindfreak.jpg,4:3 current card crop,optional image/image_credit supported; no current image fields,not established by source URLs,"Approved official show publicity still or poster with permission; do not synthesize the named performers, stage design, or advertised production."
o-cirque,O by Cirque du Soleil,shows,open,2026-10-08,4,on-this-week;planner-hidden-pool;shows/,P1,actual authorized photograph/publicity asset,assets/media/listings/o-cirque.jpg,listings/o-cirque.jpg,4:3 current card crop,optional image/image_credit supported; no current image fields,not established by source URLs,"Approved official show publicity still or poster with permission; do not synthesize the named performers, stage design, or advertised production."
strip-night-bus-tour,Las Vegas Strip Night Bus Tour,tours,likely_open,2026-10-08,0,not currently rendered,HOLD_VERIFICATION,verify listing before acquiring venue media,assets/media/listings/strip-night-bus-tour.jpg,listings/strip-night-bus-tour.jpg,4:3 current card crop,optional image/image_credit supported; no current image fields,not established by source URLs,"Authorized actual operator/location photograph; confirm that vehicle, landing area, geology, and route match this listing."
bright-lights-jeep-tour,Bright Lights Vegas Night Tour (Jeep),tours,likely_open,2026-10-08,0,not currently rendered,HOLD_VERIFICATION,verify listing before acquiring venue media,assets/media/listings/bright-lights-jeep-tour.jpg,listings/bright-lights-jeep-tour.jpg,4:3 current card crop,optional image/image_credit supported; no current image fields,not established by source URLs,"Authorized actual operator/location photograph; confirm that vehicle, landing area, geology, and route match this listing."
david-copperfield,David Copperfield,shows,closed,2026-10-08,1,not currently rendered,HOLD_CLOSED_OR_HIDDEN,skip production until record becomes eligible,,,4:3 current card crop,optional image/image_credit supported; no current image fields,not established by source URLs,"Approved official show publicity still or poster with permission; do not synthesize the named performers, stage design, or advertised production."
le-cirque,Le Cirque,restaurants,closed,2026-10-08,1,not currently rendered,HOLD_CLOSED_OR_HIDDEN,skip production until record becomes eligible,,,4:3 current card crop,optional image/image_credit supported; no current image fields,not established by source URLs,"Actual authorized photograph of this restaurant interior or an identified dish it serves. Confirm cuisine and dish attribution; one subject, natural color, 4:3 center-safe crop."
picasso,Picasso,restaurants,closed,2026-10-08,1,not currently rendered,HOLD_CLOSED_OR_HIDDEN,skip production until record becomes eligible,,,4:3 current card crop,optional image/image_credit supported; no current image fields,not established by source URLs,"Actual authorized photograph of this restaurant interior or an identified dish it serves. Confirm cuisine and dish attribution; one subject, natural color, 4:3 center-safe crop."
aureole,Aureole,restaurants,closed,2026-10-08,1,not currently rendered,HOLD_CLOSED_OR_HIDDEN,skip production until record becomes eligible,,,4:3 current card crop,optional image/image_credit supported; no current image fields,not established by source URLs,"Actual authorized photograph of this restaurant interior or an identified dish it serves. Confirm cuisine and dish attribution; one subject, natural color, 4:3 center-safe crop."
margaritaville-flamingo,Margaritaville,restaurants,closed,2026-10-08,0,not currently rendered,HOLD_CLOSED_OR_HIDDEN,skip production until record becomes eligible,,,4:3 current card crop,optional image/image_credit supported; no current image fields,not established by source URLs,"Actual authorized photograph of this restaurant interior or an identified dish it serves. Confirm cuisine and dish attribution; one subject, natural color, 4:3 center-safe crop."
diablos-cantina,Diablo's Cantina,restaurants,closed,2026-10-08,0,not currently rendered,HOLD_CLOSED_OR_HIDDEN,skip production until record becomes eligible,,,4:3 current card crop,optional image/image_credit supported; no current image fields,not established by source URLs,"Actual authorized photograph of this restaurant interior or an identified dish it serves. Confirm cuisine and dish attribution; one subject, natural color, 4:3 center-safe crop."
red-lotus,Red Lotus,restaurants,closed,2026-10-08,0,not currently rendered,HOLD_CLOSED_OR_HIDDEN,skip production until record becomes eligible,,,4:3 current card crop,optional image/image_credit supported; no current image fields,not established by source URLs,"Actual authorized photograph of this restaurant interior or an identified dish it serves. Confirm cuisine and dish attribution; one subject, natural color, 4:3 center-safe crop."
robert-irvines-public-house,Robert Irvine's Public House,restaurants,closed,2026-10-08,1,not currently rendered,HOLD_CLOSED_OR_HIDDEN,skip production until record becomes eligible,,,4:3 current card crop,optional image/image_credit supported; no current image fields,not established by source URLs,"Actual authorized photograph of this restaurant interior or an identified dish it serves. Confirm cuisine and dish attribution; one subject, natural color, 4:3 center-safe crop."
ka-cirque,KÀ by Cirque du Soleil,shows,open,2026-10-08,3,planner-hidden-pool;shows/,P2,actual authorized photograph/publicity asset,assets/media/listings/ka-cirque.jpg,listings/ka-cirque.jpg,4:3 current card crop,optional image/image_credit supported; no current image fields,not established by source URLs,"Approved official show publicity still or poster with permission; do not synthesize the named performers, stage design, or advertised production."
mystere-cirque,Mystère by Cirque du Soleil,shows,open,2026-10-08,3,planner-hidden-pool;shows/,P2,actual authorized photograph/publicity asset,assets/media/listings/mystere-cirque.jpg,listings/mystere-cirque.jpg,4:3 current card crop,optional image/image_credit supported; no current image fields,not established by source URLs,"Approved official show publicity still or poster with permission; do not synthesize the named performers, stage design, or advertised production."
mj-one-cirque,Michael Jackson ONE by Cirque du Soleil,shows,open,2026-10-08,3,planner-hidden-pool;shows/,P2,actual authorized photograph/publicity asset,assets/media/listings/mj-one-cirque.jpg,listings/mj-one-cirque.jpg,4:3 current card crop,optional image/image_credit supported; no current image fields,not established by source URLs,"Approved official show publicity still or poster with permission; do not synthesize the named performers, stage design, or advertised production."
mad-apple-cirque,Mad Apple by Cirque du Soleil,shows,closed,2026-10-08,2,not currently rendered,HOLD_CLOSED_OR_HIDDEN,skip production until record becomes eligible,,,4:3 current card crop,optional image/image_credit supported; no current image fields,not established by source URLs,"Approved official show publicity still or poster with permission; do not synthesize the named performers, stage design, or advertised production."
blue-man-group,Blue Man Group,shows,open,2026-10-08,3,planner-hidden-pool;shows/,P2,actual authorized photograph/publicity asset,assets/media/listings/blue-man-group.jpg,listings/blue-man-group.jpg,4:3 current card crop,optional image/image_credit supported; no current image fields,not established by source URLs,"Approved official show publicity still or poster with permission; do not synthesize the named performers, stage design, or advertised production."
absinthe,Absinthe,shows,open,2026-10-08,3,planner-hidden-pool;shows/,P2,actual authorized photograph/publicity asset,assets/media/listings/absinthe.jpg,listings/absinthe.jpg,4:3 current card crop,optional image/image_credit supported; no current image fields,not established by source URLs,"Approved official show publicity still or poster with permission; do not synthesize the named performers, stage design, or advertised production."
shin-lim,Shin Lim: Limitless,shows,open,2026-10-08,2,shows/,P3_CATEGORY_PAGE,optional actual authorized photo; text-led card remains valid,assets/media/listings/shin-lim.jpg,listings/shin-lim.jpg,4:3 current card crop,optional image/image_credit supported; no current image fields,not established by source URLs,"Approved official show publicity still or poster with permission; do not synthesize the named performers, stage design, or advertised production."
mat-franco,Mat Franco: Magic Reinvented Nightly,shows,open,2026-10-08,3,shows/,P3_CATEGORY_PAGE,optional actual authorized photo; text-led card remains valid,assets/media/listings/mat-franco.jpg,listings/mat-franco.jpg,4:3 current card crop,optional image/image_credit supported; no current image fields,not established by source URLs,"Approved official show publicity still or poster with permission; do not synthesize the named performers, stage design, or advertised production."
wizard-of-oz-sphere,The Wizard of Oz at Sphere,shows,open,2026-10-08,3,on-this-week;shows/,P1,actual authorized photograph/publicity asset,assets/media/listings/wizard-of-oz-sphere.jpg,listings/wizard-of-oz-sphere.jpg,4:3 current card crop,optional image/image_credit supported; no current image fields,not established by source URLs,"Approved official show publicity still or poster with permission; do not synthesize the named performers, stage design, or advertised production."
metallica-sphere,Metallica: Life Burns Faster,shows,open,2026-10-08,1,shows/,P3_CATEGORY_PAGE,optional actual authorized photo; text-led card remains valid,assets/media/listings/metallica-sphere.jpg,listings/metallica-sphere.jpg,4:3 current card crop,optional image/image_credit supported; no current image fields,not established by source URLs,"Approved official show publicity still or poster with permission; do not synthesize the named performers, stage design, or advertised production."
grand-canyon-west,Grand Canyon West & Skywalk,tours,open,2026-10-08,2,on-this-week;planner-hidden-pool;tours/,P1,actual authorized photograph/publicity asset,assets/media/listings/grand-canyon-west.jpg,listings/grand-canyon-west.jpg,4:3 current card crop,optional image/image_credit supported; no current image fields,not established by source URLs,"Authorized actual operator/location photograph; confirm that vehicle, landing area, geology, and route match this listing."
maverick-grand-canyon-heli,Grand Canyon Helicopter Tour with Canyon Floor Landing (Maverick),tours,open,2026-10-08,1,planner-hidden-pool;tours/,P2,actual authorized photograph/publicity asset,assets/media/listings/maverick-grand-canyon-heli.jpg,listings/maverick-grand-canyon-heli.jpg,4:3 current card crop,optional image/image_credit supported; no current image fields,not established by source URLs,"Authorized actual operator/location photograph; confirm that vehicle, landing area, geology, and route match this listing."
papillon-grand-canyon-heli,Grand Celebration Helicopter Tour (Papillon),tours,open,2026-10-08,1,planner-hidden-pool;tours/,P2,actual authorized photograph/publicity asset,assets/media/listings/papillon-grand-canyon-heli.jpg,listings/papillon-grand-canyon-heli.jpg,4:3 current card crop,optional image/image_credit supported; no current image fields,not established by source URLs,"Authorized actual operator/location photograph; confirm that vehicle, landing area, geology, and route match this listing."
strip-heli-night-flight,Las Vegas Strip Helicopter Night Flight,tours,open,2026-10-08,2,planner-hidden-pool;tours/,P2,actual authorized photograph/publicity asset,assets/media/listings/strip-heli-night-flight.jpg,listings/strip-heli-night-flight.jpg,4:3 current card crop,optional image/image_credit supported; no current image fields,not established by source URLs,"Authorized actual operator/location photograph; confirm that vehicle, landing area, geology, and route match this listing."
hoover-dam,Hoover Dam Tours,tours,open,2026-10-08,1,planner-hidden-pool;tours/,P2,actual authorized photograph/publicity asset,assets/media/listings/hoover-dam.jpg,listings/hoover-dam.jpg,4:3 current card crop,optional image/image_credit supported; no current image fields,not established by source URLs,"Authorized actual operator/location photograph; confirm that vehicle, landing area, geology, and route match this listing."
red-rock-canyon,Red Rock Canyon Scenic Drive,tours,open,2026-10-08,1,planner-hidden-pool;tours/,P2,actual authorized photograph/publicity asset,assets/media/listings/red-rock-canyon.jpg,listings/red-rock-canyon.jpg,4:3 current card crop,optional image/image_credit supported; no current image fields,not established by source URLs,"Authorized actual operator/location photograph; confirm that vehicle, landing area, geology, and route match this listing."
valley-of-fire,Valley of Fire State Park,tours,open,2026-10-08,1,planner-hidden-pool;tours/,P2,actual authorized photograph/publicity asset,assets/media/listings/valley-of-fire.jpg,listings/valley-of-fire.jpg,4:3 current card crop,optional image/image_credit supported; no current image fields,not established by source URLs,"Authorized actual operator/location photograph; confirm that vehicle, landing area, geology, and route match this listing."
grand-canyon-south-rim,Grand Canyon South Rim Day Tour,tours,open,2026-10-08,1,planner-hidden-pool;tours/,P2,actual authorized photograph/publicity asset,assets/media/listings/grand-canyon-south-rim.jpg,listings/grand-canyon-south-rim.jpg,4:3 current card crop,optional image/image_credit supported; no current image fields,not established by source URLs,"Authorized actual operator/location photograph; confirm that vehicle, landing area, geology, and route match this listing."
zion-day-trip,Zion National Park Day Tour,tours,open,2026-10-08,1,tours/,P3_CATEGORY_PAGE,optional actual authorized photo; text-led card remains valid,assets/media/listings/zion-day-trip.jpg,listings/zion-day-trip.jpg,4:3 current card crop,optional image/image_credit supported; no current image fields,not established by source URLs,"Authorized actual operator/location photograph; confirm that vehicle, landing area, geology, and route match this listing."
death-valley-day-trip,Death Valley Day Tour,tours,open,2026-10-08,1,tours/,P3_CATEGORY_PAGE,optional actual authorized photo; text-led card remains valid,assets/media/listings/death-valley-day-trip.jpg,listings/death-valley-day-trip.jpg,4:3 current card crop,optional image/image_credit supported; no current image fields,not established by source URLs,"Authorized actual operator/location photograph; confirm that vehicle, landing area, geology, and route match this listing."
neon-museum,The Neon Museum,attractions,open,2026-10-08,1,tours/,P3_CATEGORY_PAGE,optional actual authorized photo; text-led card remains valid,assets/media/listings/neon-museum.jpg,listings/neon-museum.jpg,4:3 current card crop,optional image/image_credit supported; no current image fields,not established by source URLs,"Actual photograph of this attraction, ride, or exhibition; preserve geometry and current identity."
wynn-lake-of-dreams,Lake of Dreams,free,open,2026-10-08,1,free/;planner-hidden-pool,P2,actual authorized photograph/publicity asset,assets/media/listings/wynn-lake-of-dreams.jpg,listings/wynn-lake-of-dreams.jpg,4:3 current card crop,optional image/image_credit supported; no current image fields,not established by source URLs,Actual photograph of this attraction and a valid viewing area; generic AI fountain art stays in labeled category/editorial slots.
ethel-m-cactus-garden,Ethel M Chocolates Factory & Botanical Cactus Garden,free,open,2026-10-08,1,free/;planner-hidden-pool,P2,actual authorized photograph/publicity asset,assets/media/listings/ethel-m-cactus-garden.jpg,listings/ethel-m-cactus-garden.jpg,4:3 current card crop,optional image/image_credit supported; no current image fields,not established by source URLs,Actual photograph of this attraction and a valid viewing area; generic AI fountain art stays in labeled category/editorial slots.
container-park,Downtown Container Park,free,open,2026-10-08,1,free/;planner-hidden-pool,P2,actual authorized photograph/publicity asset,assets/media/listings/container-park.jpg,listings/container-park.jpg,4:3 current card crop,optional image/image_credit supported; no current image fields,not established by source URLs,Actual photograph of this attraction and a valid viewing area; generic AI fountain art stays in labeled category/editorial slots.
seven-magic-mountains,Seven Magic Mountains,attractions,open,2026-10-08,2,tours/,P3_CATEGORY_PAGE,optional actual authorized photo; text-led card remains valid,assets/media/listings/seven-magic-mountains.jpg,listings/seven-magic-mountains.jpg,4:3 current card crop,optional image/image_credit supported; no current image fields,not established by source URLs,"Actual photograph of this attraction, ride, or exhibition; preserve geometry and current identity."
flamingo-wildlife-habitat,Flamingo Wildlife Habitat,free,likely_open,2026-10-08,1,free/,HOLD_VERIFICATION,verify listing before acquiring venue media,assets/media/listings/flamingo-wildlife-habitat.jpg,listings/flamingo-wildlife-habitat.jpg,4:3 current card crop,optional image/image_credit supported; no current image fields,not established by source URLs,Actual photograph of this attraction and a valid viewing area; generic AI fountain art stays in labeled category/editorial slots.
circus-circus-acts,Free Circus Acts at Circus Circus,free,open,2026-10-08,2,free/;planner-hidden-pool,P2,actual authorized photograph/publicity asset,assets/media/listings/circus-circus-acts.jpg,listings/circus-circus-acts.jpg,4:3 current card crop,optional image/image_credit supported; no current image fields,not established by source URLs,Actual photograph of this attraction and a valid viewing area; generic AI fountain art stays in labeled category/editorial slots.
mirage-volcano,The Mirage Volcano,free,closed,2026-10-08,0,not currently rendered,HOLD_CLOSED_OR_HIDDEN,skip production until record becomes eligible,,,4:3 current card crop,optional image/image_credit supported; no current image fields,not established by source URLs,Actual photograph of this attraction and a valid viewing area; generic AI fountain art stays in labeled category/editorial slots.
marquee-nightclub,Marquee Nightclub,nightclubs,open,2026-10-08,1,nightlife/;planner-hidden-pool,P2,actual authorized photograph/publicity asset,assets/media/listings/marquee-nightclub.jpg,listings/marquee-nightclub.jpg,4:3 current card crop,optional image/image_credit supported; no current image fields,not established by source URLs,"Authorized actual venue interior or publicity photograph; do not invent a DJ, crowd, event, or advertised venue feature."
jewel,JEWEL Nightclub,nightclubs,open,2026-10-08,1,nightlife/;planner-hidden-pool,P2,actual authorized photograph/publicity asset,assets/media/listings/jewel.jpg,listings/jewel.jpg,4:3 current card crop,optional image/image_credit supported; no current image fields,not established by source URLs,"Authorized actual venue interior or publicity photograph; do not invent a DJ, crowd, event, or advertised venue feature."
hakkasan,Hakkasan Nightclub,nightclubs,open,2026-10-08,1,nightlife/;planner-hidden-pool,P2,actual authorized photograph/publicity asset,assets/media/listings/hakkasan.jpg,listings/hakkasan.jpg,4:3 current card crop,optional image/image_credit supported; no current image fields,not established by source URLs,"Authorized actual venue interior or publicity photograph; do not invent a DJ, crowd, event, or advertised venue feature."
omnia,OMNIA Nightclub,nightclubs,open,2026-10-08,1,nightlife/;planner-hidden-pool,P2,actual authorized photograph/publicity asset,assets/media/listings/omnia.jpg,listings/omnia.jpg,4:3 current card crop,optional image/image_credit supported; no current image fields,not established by source URLs,"Authorized actual venue interior or publicity photograph; do not invent a DJ, crowd, event, or advertised venue feature."
tao-nightclub,TAO Nightclub,nightclubs,open,2026-10-08,1,nightlife/;planner-hidden-pool,P2,actual authorized photograph/publicity asset,assets/media/listings/tao-nightclub.jpg,listings/tao-nightclub.jpg,4:3 current card crop,optional image/image_credit supported; no current image fields,not established by source URLs,"Authorized actual venue interior or publicity photograph; do not invent a DJ, crowd, event, or advertised venue feature."
zouk,Zouk Nightclub,nightclubs,open,2026-10-08,1,nightlife/;planner-hidden-pool,P2,actual authorized photograph/publicity asset,assets/media/listings/zouk.jpg,listings/zouk.jpg,4:3 current card crop,optional image/image_credit supported; no current image fields,not established by source URLs,"Authorized actual venue interior or publicity photograph; do not invent a DJ, crowd, event, or advertised venue feature."
liv,LIV Las Vegas,nightclubs,open,2026-10-08,1,nightlife/;on-this-week;planner-hidden-pool,P1,actual authorized photograph/publicity asset,assets/media/listings/liv.jpg,listings/liv.jpg,4:3 current card crop,optional image/image_credit supported; no current image fields,not established by source URLs,"Authorized actual venue interior or publicity photograph; do not invent a DJ, crowd, event, or advertised venue feature."
chateau,Chateau Nightclub & Rooftop,nightclubs,likely_open,2026-10-08,0,not currently rendered,HOLD_VERIFICATION,verify listing before acquiring venue media,assets/media/listings/chateau.jpg,listings/chateau.jpg,4:3 current card crop,optional image/image_credit supported; no current image fields,not established by source URLs,"Authorized actual venue interior or publicity photograph; do not invent a DJ, crowd, event, or advertised venue feature."
foundation-room,Foundation Room,nightclubs,closed,2026-10-08,2,not currently rendered,HOLD_CLOSED_OR_HIDDEN,skip production until record becomes eligible,,,4:3 current card crop,optional image/image_credit supported; no current image fields,not established by source URLs,"Authorized actual venue interior or publicity photograph; do not invent a DJ, crowd, event, or advertised venue feature."
drais,Drai's Nightclub,nightclubs,open,2026-10-08,2,nightlife/;planner-hidden-pool,P2,actual authorized photograph/publicity asset,assets/media/listings/drais.jpg,listings/drais.jpg,4:3 current card crop,optional image/image_credit supported; no current image fields,not established by source URLs,"Authorized actual venue interior or publicity photograph; do not invent a DJ, crowd, event, or advertised venue feature."
marquee-dayclub,Marquee Dayclub,pool-party,seasonal,2026-10-08,1,planner-hidden-pool;pools/,P2,actual authorized photograph/publicity asset,assets/media/listings/marquee-dayclub.jpg,listings/marquee-dayclub.jpg,4:3 current card crop,optional image/image_credit supported; no current image fields,not established by source URLs,Actual venue pool or approved event photograph; confirm season and event attribution separately.
tao-beach,TAO Beach Dayclub,pool-party,seasonal,2026-10-08,1,planner-hidden-pool;pools/,P2,actual authorized photograph/publicity asset,assets/media/listings/tao-beach.jpg,listings/tao-beach.jpg,4:3 current card crop,optional image/image_credit supported; no current image fields,not established by source URLs,Actual venue pool or approved event photograph; confirm season and event attribution separately.
liv-beach,LIV Beach,pool-party,seasonal,2026-10-08,1,planner-hidden-pool;pools/,P2,actual authorized photograph/publicity asset,assets/media/listings/liv-beach.jpg,listings/liv-beach.jpg,4:3 current card crop,optional image/image_credit supported; no current image fields,not established by source URLs,Actual venue pool or approved event photograph; confirm season and event attribution separately.
omnia-dayclub,OMNIA Dayclub & Skybar,pool-party,seasonal,2026-10-08,3,planner-hidden-pool;pools/,P2,actual authorized photograph/publicity asset,assets/media/listings/omnia-dayclub.jpg,listings/omnia-dayclub.jpg,4:3 current card crop,optional image/image_credit supported; no current image fields,not established by source URLs,Actual venue pool or approved event photograph; confirm season and event attribution separately.
palm-tree-beach-club,Palm Tree Beach Club,pool-party,seasonal,2026-10-08,2,planner-hidden-pool;pools/,P2,actual authorized photograph/publicity asset,assets/media/listings/palm-tree-beach-club.jpg,listings/palm-tree-beach-club.jpg,4:3 current card crop,optional image/image_credit supported; no current image fields,not established by source URLs,Actual venue pool or approved event photograph; confirm season and event attribution separately.
ayu-dayclub,Ayu Dayclub,pool-party,seasonal,2026-10-08,1,planner-hidden-pool;pools/,P2,actual authorized photograph/publicity asset,assets/media/listings/ayu-dayclub.jpg,listings/ayu-dayclub.jpg,4:3 current card crop,optional image/image_credit supported; no current image fields,not established by source URLs,Actual venue pool or approved event photograph; confirm season and event attribution separately.
liquid-pool,LIQUID Pool Lounge,pool-party,seasonal,2026-10-08,1,planner-hidden-pool;pools/,P2,actual authorized photograph/publicity asset,assets/media/listings/liquid-pool.jpg,listings/liquid-pool.jpg,4:3 current card crop,optional image/image_credit supported; no current image fields,not established by source URLs,Actual venue pool or approved event photograph; confirm season and event attribution separately.
gymkhana,Gymkhana,restaurants,open,2026-10-08,3,eat/;on-this-week;planner-hidden-pool,P1,actual authorized photograph/publicity asset,assets/media/listings/gymkhana.jpg,listings/gymkhana.jpg,4:3 current card crop,optional image/image_credit supported; no current image fields,not established by source URLs,"Actual authorized photograph of this restaurant interior or an identified dish it serves. Confirm cuisine and dish attribution; one subject, natural color, 4:3 center-safe crop."
tamba,Tamba,restaurants,open,2026-10-08,2,eat/;planner-hidden-pool,P2,actual authorized photograph/publicity asset,assets/media/listings/tamba.jpg,listings/tamba.jpg,4:3 current card crop,optional image/image_credit supported; no current image fields,not established by source URLs,"Actual authorized photograph of this restaurant interior or an identified dish it serves. Confirm cuisine and dish attribution; one subject, natural color, 4:3 center-safe crop."
taj-palace,Taj Palace,restaurants,open,2026-10-08,2,eat/;planner-hidden-pool,P2,actual authorized photograph/publicity asset,assets/media/listings/taj-palace.jpg,listings/taj-palace.jpg,4:3 current card crop,optional image/image_credit supported; no current image fields,not established by source URLs,"Actual authorized photograph of this restaurant interior or an identified dish it serves. Confirm cuisine and dish attribution; one subject, natural color, 4:3 center-safe crop."
taste-of-gujarat,Taste of Gujarat,restaurants,open,2026-10-08,3,eat/;planner-hidden-pool,P2,actual authorized photograph/publicity asset,assets/media/listings/taste-of-gujarat.jpg,listings/taste-of-gujarat.jpg,4:3 current card crop,optional image/image_credit supported; no current image fields,not established by source URLs,"Actual authorized photograph of this restaurant interior or an identified dish it serves. Confirm cuisine and dish attribution; one subject, natural color, 4:3 center-safe crop."
ranis-kitchen,Rani's Kitchen (inside Rani's World Foods),restaurants,open,2026-10-08,1,eat/;planner-hidden-pool,P2,actual authorized photograph/publicity asset,assets/media/listings/ranis-kitchen.jpg,listings/ranis-kitchen.jpg,4:3 current card crop,optional image/image_credit supported; no current image fields,not established by source URLs,"Actual authorized photograph of this restaurant interior or an identified dish it serves. Confirm cuisine and dish attribution; one subject, natural color, 4:3 center-safe crop."
naan-and-curry,Naan & Curry,restaurants,open,2026-10-08,1,eat/;planner-hidden-pool,P2,actual authorized photograph/publicity asset,assets/media/listings/naan-and-curry.jpg,listings/naan-and-curry.jpg,4:3 current card crop,optional image/image_credit supported; no current image fields,not established by source URLs,"Actual authorized photograph of this restaurant interior or an identified dish it serves. Confirm cuisine and dish attribution; one subject, natural color, 4:3 center-safe crop."
curry-leaf,Curry Leaf,restaurants,open,2026-10-08,1,eat/;planner-hidden-pool,P2,actual authorized photograph/publicity asset,assets/media/listings/curry-leaf.jpg,listings/curry-leaf.jpg,4:3 current card crop,optional image/image_credit supported; no current image fields,not established by source URLs,"Actual authorized photograph of this restaurant interior or an identified dish it serves. Confirm cuisine and dish attribution; one subject, natural color, 4:3 center-safe crop."
divine-dosa,Divine Dosa & Biryani,restaurants,likely_open,2026-10-08,1,eat/,HOLD_VERIFICATION,verify listing before acquiring venue media,assets/media/listings/divine-dosa.jpg,listings/divine-dosa.jpg,4:3 current card crop,optional image/image_credit supported; no current image fields,not established by source URLs,"Actual authorized photograph of this restaurant interior or an identified dish it serves. Confirm cuisine and dish attribution; one subject, natural color, 4:3 center-safe crop."
mint-indian-bistro,Mint Indian Bistro,restaurants,likely_open,2026-10-08,1,eat/,HOLD_VERIFICATION,verify listing before acquiring venue media,assets/media/listings/mint-indian-bistro.jpg,listings/mint-indian-bistro.jpg,4:3 current card crop,optional image/image_credit supported; no current image fields,not established by source URLs,"Actual authorized photograph of this restaurant interior or an identified dish it serves. Confirm cuisine and dish attribution; one subject, natural color, 4:3 center-safe crop."
origin-india,Origin India,restaurants,likely_open,2026-10-08,1,eat/,HOLD_VERIFICATION,verify listing before acquiring venue media,assets/media/listings/origin-india.jpg,listings/origin-india.jpg,4:3 current card crop,optional image/image_credit supported; no current image fields,not established by source URLs,"Actual authorized photograph of this restaurant interior or an identified dish it serves. Confirm cuisine and dish attribution; one subject, natural color, 4:3 center-safe crop."
crossroads-kitchen,Crossroads Kitchen,restaurants,open,2026-10-08,3,eat/;planner-hidden-pool,P2,actual authorized photograph/publicity asset,assets/media/listings/crossroads-kitchen.jpg,listings/crossroads-kitchen.jpg,4:3 current card crop,optional image/image_credit supported; no current image fields,not established by source URLs,"Actual authorized photograph of this restaurant interior or an identified dish it serves. Confirm cuisine and dish attribution; one subject, natural color, 4:3 center-safe crop."
tacotarian,Tacotarian,restaurants,open,2026-10-08,3,eat/,P3_CATEGORY_PAGE,optional actual authorized photo; text-led card remains valid,assets/media/listings/tacotarian.jpg,listings/tacotarian.jpg,4:3 current card crop,optional image/image_credit supported; no current image fields,not established by source URLs,"Actual authorized photograph of this restaurant interior or an identified dish it serves. Confirm cuisine and dish attribution; one subject, natural color, 4:3 center-safe crop."
tarantinos-vegan,Tarantino's Vegan,restaurants,open,2026-10-08,2,eat/,P3_CATEGORY_PAGE,optional actual authorized photo; text-led card remains valid,assets/media/listings/tarantinos-vegan.jpg,listings/tarantinos-vegan.jpg,4:3 current card crop,optional image/image_credit supported; no current image fields,not established by source URLs,"Actual authorized photograph of this restaurant interior or an identified dish it serves. Confirm cuisine and dish attribution; one subject, natural color, 4:3 center-safe crop."
earthly,Earthly,restaurants,open,2026-10-08,1,eat/,P3_CATEGORY_PAGE,optional actual authorized photo; text-led card remains valid,assets/media/listings/earthly.jpg,listings/earthly.jpg,4:3 current card crop,optional image/image_credit supported; no current image fields,not established by source URLs,"Actual authorized photograph of this restaurant interior or an identified dish it serves. Confirm cuisine and dish attribution; one subject, natural color, 4:3 center-safe crop."
carbone,Carbone,restaurants,open,2026-10-08,2,eat/,P3_CATEGORY_PAGE,optional actual authorized photo; text-led card remains valid,assets/media/listings/carbone.jpg,listings/carbone.jpg,4:3 current card crop,optional image/image_credit supported; no current image fields,not established by source URLs,"Actual authorized photograph of this restaurant interior or an identified dish it serves. Confirm cuisine and dish attribution; one subject, natural color, 4:3 center-safe crop."
carbone-riviera,Carbone Riviera,restaurants,open,2026-10-08,2,eat/,P3_CATEGORY_PAGE,optional actual authorized photo; text-led card remains valid,assets/media/listings/carbone-riviera.jpg,listings/carbone-riviera.jpg,4:3 current card crop,optional image/image_credit supported; no current image fields,not established by source URLs,"Actual authorized photograph of this restaurant interior or an identified dish it serves. Confirm cuisine and dish attribution; one subject, natural color, 4:3 center-safe crop."
sartianos,Sartiano's Italian Steakhouse,restaurants,open,2026-10-08,2,eat/,P3_CATEGORY_PAGE,optional actual authorized photo; text-led card remains valid,assets/media/listings/sartianos.jpg,listings/sartianos.jpg,4:3 current card crop,optional image/image_credit supported; no current image fields,not established by source URLs,"Actual authorized photograph of this restaurant interior or an identified dish it serves. Confirm cuisine and dish attribution; one subject, natural color, 4:3 center-safe crop."
esthers-kitchen,Esther's Kitchen,restaurants,open,2026-10-08,3,eat/,P3_CATEGORY_PAGE,optional actual authorized photo; text-led card remains valid,assets/media/listings/esthers-kitchen.jpg,listings/esthers-kitchen.jpg,4:3 current card crop,optional image/image_credit supported; no current image fields,not established by source URLs,"Actual authorized photograph of this restaurant interior or an identified dish it serves. Confirm cuisine and dish attribution; one subject, natural color, 4:3 center-safe crop."
brezza,Brezza,restaurants,open,2026-10-08,2,eat/,P3_CATEGORY_PAGE,optional actual authorized photo; text-led card remains valid,assets/media/listings/brezza.jpg,listings/brezza.jpg,4:3 current card crop,optional image/image_credit supported; no current image fields,not established by source URLs,"Actual authorized photograph of this restaurant interior or an identified dish it serves. Confirm cuisine and dish attribution; one subject, natural color, 4:3 center-safe crop."
caramella,Caramella,restaurants,open,2026-10-08,2,eat/,P3_CATEGORY_PAGE,optional actual authorized photo; text-led card remains valid,assets/media/listings/caramella.jpg,listings/caramella.jpg,4:3 current card crop,optional image/image_credit supported; no current image fields,not established by source URLs,"Actual authorized photograph of this restaurant interior or an identified dish it serves. Confirm cuisine and dish attribution; one subject, natural color, 4:3 center-safe crop."
giada,GIADA,restaurants,open,2026-10-08,1,eat/,P3_CATEGORY_PAGE,optional actual authorized photo; text-led card remains valid,assets/media/listings/giada.jpg,listings/giada.jpg,4:3 current card crop,optional image/image_credit supported; no current image fields,not established by source URLs,"Actual authorized photograph of this restaurant interior or an identified dish it serves. Confirm cuisine and dish attribution; one subject, natural color, 4:3 center-safe crop."
wing-lei,Wing Lei,restaurants,open,2026-10-08,3,eat/,P3_CATEGORY_PAGE,optional actual authorized photo; text-led card remains valid,assets/media/listings/wing-lei.jpg,listings/wing-lei.jpg,4:3 current card crop,optional image/image_credit supported; no current image fields,not established by source URLs,"Actual authorized photograph of this restaurant interior or an identified dish it serves. Confirm cuisine and dish attribution; one subject, natural color, 4:3 center-safe crop."
mott-32,Mott 32,restaurants,open,2026-10-08,3,eat/,P3_CATEGORY_PAGE,optional actual authorized photo; text-led card remains valid,assets/media/listings/mott-32.jpg,listings/mott-32.jpg,4:3 current card crop,optional image/image_credit supported; no current image fields,not established by source URLs,"Actual authorized photograph of this restaurant interior or an identified dish it serves. Confirm cuisine and dish attribution; one subject, natural color, 4:3 center-safe crop."
ping-pang-pong,Ping Pang Pong,restaurants,open,2026-10-08,2,eat/,P3_CATEGORY_PAGE,optional actual authorized photo; text-led card remains valid,assets/media/listings/ping-pang-pong.jpg,listings/ping-pang-pong.jpg,4:3 current card crop,optional image/image_credit supported; no current image fields,not established by source URLs,"Actual authorized photograph of this restaurant interior or an identified dish it serves. Confirm cuisine and dish attribution; one subject, natural color, 4:3 center-safe crop."
kabuto,Kabuto,restaurants,open,2026-10-08,3,eat/,P3_CATEGORY_PAGE,optional actual authorized photo; text-led card remains valid,assets/media/listings/kabuto.jpg,listings/kabuto.jpg,4:3 current card crop,optional image/image_credit supported; no current image fields,not established by source URLs,"Actual authorized photograph of this restaurant interior or an identified dish it serves. Confirm cuisine and dish attribution; one subject, natural color, 4:3 center-safe crop."
kame-omakase,Kame Omakase,restaurants,open,2026-10-08,2,eat/,P3_CATEGORY_PAGE,optional actual authorized photo; text-led card remains valid,assets/media/listings/kame-omakase.jpg,listings/kame-omakase.jpg,4:3 current card crop,optional image/image_credit supported; no current image fields,not established by source URLs,"Actual authorized photograph of this restaurant interior or an identified dish it serves. Confirm cuisine and dish attribution; one subject, natural color, 4:3 center-safe crop."
lamaii,Lamaii,restaurants,open,2026-10-08,3,eat/,P3_CATEGORY_PAGE,optional actual authorized photo; text-led card remains valid,assets/media/listings/lamaii.jpg,listings/lamaii.jpg,4:3 current card crop,optional image/image_credit supported; no current image fields,not established by source URLs,"Actual authorized photograph of this restaurant interior or an identified dish it serves. Confirm cuisine and dish attribution; one subject, natural color, 4:3 center-safe crop."
yen-viet-kitchen,YEN Viet Kitchen,restaurants,open,2026-10-08,3,eat/,P3_CATEGORY_PAGE,optional actual authorized photo; text-led card remains valid,assets/media/listings/yen-viet-kitchen.jpg,listings/yen-viet-kitchen.jpg,4:3 current card crop,optional image/image_credit supported; no current image fields,not established by source URLs,"Actual authorized photograph of this restaurant interior or an identified dish it serves. Confirm cuisine and dish attribution; one subject, natural color, 4:3 center-safe crop."
cote,COTE Korean Steakhouse,restaurants,open,2026-10-08,3,eat/,P3_CATEGORY_PAGE,optional actual authorized photo; text-led card remains valid,assets/media/listings/cote.jpg,listings/cote.jpg,4:3 current card crop,optional image/image_credit supported; no current image fields,not established by source URLs,"Actual authorized photograph of this restaurant interior or an identified dish it serves. Confirm cuisine and dish attribution; one subject, natural color, 4:3 center-safe crop."
kusa-nori,Kusa Nori,restaurants,open,2026-10-08,2,eat/,P3_CATEGORY_PAGE,optional actual authorized photo; text-led card remains valid,assets/media/listings/kusa-nori.jpg,listings/kusa-nori.jpg,4:3 current card crop,optional image/image_credit supported; no current image fields,not established by source URLs,"Actual authorized photograph of this restaurant interior or an identified dish it serves. Confirm cuisine and dish attribution; one subject, natural color, 4:3 center-safe crop."
peter-luger,Peter Luger Steak House,restaurants,open,2026-10-08,2,eat/,P3_CATEGORY_PAGE,optional actual authorized photo; text-led card remains valid,assets/media/listings/peter-luger.jpg,listings/peter-luger.jpg,4:3 current card crop,optional image/image_credit supported; no current image fields,not established by source URLs,"Actual authorized photograph of this restaurant interior or an identified dish it serves. Confirm cuisine and dish attribution; one subject, natural color, 4:3 center-safe crop."
stubborn-seed,Stubborn Seed,restaurants,open,2026-10-08,3,eat/,P3_CATEGORY_PAGE,optional actual authorized photo; text-led card remains valid,assets/media/listings/stubborn-seed.jpg,listings/stubborn-seed.jpg,4:3 current card crop,optional image/image_credit supported; no current image fields,not established by source URLs,"Actual authorized photograph of this restaurant interior or an identified dish it serves. Confirm cuisine and dish attribution; one subject, natural color, 4:3 center-safe crop."
michael-mina,Michael Mina,restaurants,open,2026-10-08,2,eat/,P3_CATEGORY_PAGE,optional actual authorized photo; text-led card remains valid,assets/media/listings/michael-mina.jpg,listings/michael-mina.jpg,4:3 current card crop,optional image/image_credit supported; no current image fields,not established by source URLs,"Actual authorized photograph of this restaurant interior or an identified dish it serves. Confirm cuisine and dish attribution; one subject, natural color, 4:3 center-safe crop."
sparrow-wolf,Sparrow + Wolf,restaurants,open,2026-10-08,3,eat/,P3_CATEGORY_PAGE,optional actual authorized photo; text-led card remains valid,assets/media/listings/sparrow-wolf.jpg,listings/sparrow-wolf.jpg,4:3 current card crop,optional image/image_credit supported; no current image fields,not established by source URLs,"Actual authorized photograph of this restaurant interior or an identified dish it serves. Confirm cuisine and dish attribution; one subject, natural color, 4:3 center-safe crop."
soulbelly-bbq,SoulBelly BBQ,restaurants,open,2026-10-08,3,eat/,P3_CATEGORY_PAGE,optional actual authorized photo; text-led card remains valid,assets/media/listings/soulbelly-bbq.jpg,listings/soulbelly-bbq.jpg,4:3 current card crop,optional image/image_credit supported; no current image fields,not established by source URLs,"Actual authorized photograph of this restaurant interior or an identified dish it serves. Confirm cuisine and dish attribution; one subject, natural color, 4:3 center-safe crop."
black-tap,Black Tap Craft Burgers & Beer,restaurants,open,2026-10-08,3,eat/,P3_CATEGORY_PAGE,optional actual authorized photo; text-led card remains valid,assets/media/listings/black-tap.jpg,listings/black-tap.jpg,4:3 current card crop,optional image/image_credit supported; no current image fields,not established by source URLs,"Actual authorized photograph of this restaurant interior or an identified dish it serves. Confirm cuisine and dish attribution; one subject, natural color, 4:3 center-safe crop."
delmonico,Delmonico Steakhouse,restaurants,open,2026-10-08,2,eat/,P3_CATEGORY_PAGE,optional actual authorized photo; text-led card remains valid,assets/media/listings/delmonico.jpg,listings/delmonico.jpg,4:3 current card crop,optional image/image_credit supported; no current image fields,not established by source URLs,"Actual authorized photograph of this restaurant interior or an identified dish it serves. Confirm cuisine and dish attribution; one subject, natural color, 4:3 center-safe crop."
joel-robuchon,Restaurant Joël Robuchon,restaurants,open,2026-10-08,2,eat/,P3_CATEGORY_PAGE,optional actual authorized photo; text-led card remains valid,assets/media/listings/joel-robuchon.jpg,listings/joel-robuchon.jpg,4:3 current card crop,optional image/image_credit supported; no current image fields,not established by source URLs,"Actual authorized photograph of this restaurant interior or an identified dish it serves. Confirm cuisine and dish attribution; one subject, natural color, 4:3 center-safe crop."
latelier-robuchon,L'Atelier de Joël Robuchon,restaurants,open,2026-10-08,2,eat/,P3_CATEGORY_PAGE,optional actual authorized photo; text-led card remains valid,assets/media/listings/latelier-robuchon.jpg,listings/latelier-robuchon.jpg,4:3 current card crop,optional image/image_credit supported; no current image fields,not established by source URLs,"Actual authorized photograph of this restaurant interior or an identified dish it serves. Confirm cuisine and dish attribution; one subject, natural color, 4:3 center-safe crop."
guy-savoy,Restaurant Guy Savoy,restaurants,open,2026-10-08,3,eat/,P3_CATEGORY_PAGE,optional actual authorized photo; text-led card remains valid,assets/media/listings/guy-savoy.jpg,listings/guy-savoy.jpg,4:3 current card crop,optional image/image_credit supported; no current image fields,not established by source URLs,"Actual authorized photograph of this restaurant interior or an identified dish it serves. Confirm cuisine and dish attribution; one subject, natural color, 4:3 center-safe crop."
bouchon,Bouchon,restaurants,open,2026-10-08,3,eat/,P3_CATEGORY_PAGE,optional actual authorized photo; text-led card remains valid,assets/media/listings/bouchon.jpg,listings/bouchon.jpg,4:3 current card crop,optional image/image_credit supported; no current image fields,not established by source URLs,"Actual authorized photograph of this restaurant interior or an identified dish it serves. Confirm cuisine and dish attribution; one subject, natural color, 4:3 center-safe crop."
partage,Partage,restaurants,open,2026-10-08,2,eat/,P3_CATEGORY_PAGE,optional actual authorized photo; text-led card remains valid,assets/media/listings/partage.jpg,listings/partage.jpg,4:3 current card crop,optional image/image_credit supported; no current image fields,not established by source URLs,"Actual authorized photograph of this restaurant interior or an identified dish it serves. Confirm cuisine and dish attribution; one subject, natural color, 4:3 center-safe crop."
brasserie-b,Brasserie B by Bobby Flay,restaurants,open,2026-10-08,2,eat/,P3_CATEGORY_PAGE,optional actual authorized photo; text-led card remains valid,assets/media/listings/brasserie-b.jpg,listings/brasserie-b.jpg,4:3 current card crop,optional image/image_credit supported; no current image fields,not established by source URLs,"Actual authorized photograph of this restaurant interior or an identified dish it serves. Confirm cuisine and dish attribution; one subject, natural color, 4:3 center-safe crop."
vanderpump-a-paris,Vanderpump à Paris,restaurants,open,2026-10-08,2,eat/,P3_CATEGORY_PAGE,optional actual authorized photo; text-led card remains valid,assets/media/listings/vanderpump-a-paris.jpg,listings/vanderpump-a-paris.jpg,4:3 current card crop,optional image/image_credit supported; no current image fields,not established by source URLs,"Actual authorized photograph of this restaurant interior or an identified dish it serves. Confirm cuisine and dish attribution; one subject, natural color, 4:3 center-safe crop."
bar-boheme,Bar Boheme,restaurants,open,2026-10-08,2,eat/,P3_CATEGORY_PAGE,optional actual authorized photo; text-led card remains valid,assets/media/listings/bar-boheme.jpg,listings/bar-boheme.jpg,4:3 current card crop,optional image/image_credit supported; no current image fields,not established by source URLs,"Actual authorized photograph of this restaurant interior or an identified dish it serves. Confirm cuisine and dish attribution; one subject, natural color, 4:3 center-safe crop."
cantina-contramar,Cantina Contramar,restaurants,open,2026-10-08,1,eat/,P3_CATEGORY_PAGE,optional actual authorized photo; text-led card remains valid,assets/media/listings/cantina-contramar.jpg,listings/cantina-contramar.jpg,4:3 current card crop,optional image/image_credit supported; no current image fields,not established by source URLs,"Actual authorized photograph of this restaurant interior or an identified dish it serves. Confirm cuisine and dish attribution; one subject, natural color, 4:3 center-safe crop."
casa-playa,Casa Playa,restaurants,open,2026-10-08,2,eat/,P3_CATEGORY_PAGE,optional actual authorized photo; text-led card remains valid,assets/media/listings/casa-playa.jpg,listings/casa-playa.jpg,4:3 current card crop,optional image/image_credit supported; no current image fields,not established by source URLs,"Actual authorized photograph of this restaurant interior or an identified dish it serves. Confirm cuisine and dish attribution; one subject, natural color, 4:3 center-safe crop."
china-poblano,China Poblano,restaurants,open,2026-10-08,2,eat/,P3_CATEGORY_PAGE,optional actual authorized photo; text-led card remains valid,assets/media/listings/china-poblano.jpg,listings/china-poblano.jpg,4:3 current card crop,optional image/image_credit supported; no current image fields,not established by source URLs,"Actual authorized photograph of this restaurant interior or an identified dish it serves. Confirm cuisine and dish attribution; one subject, natural color, 4:3 center-safe crop."
amaya,Amaya Modern Mexican,restaurants,open,2026-10-08,2,eat/,P3_CATEGORY_PAGE,optional actual authorized photo; text-led card remains valid,assets/media/listings/amaya.jpg,listings/amaya.jpg,4:3 current card crop,optional image/image_credit supported; no current image fields,not established by source URLs,"Actual authorized photograph of this restaurant interior or an identified dish it serves. Confirm cuisine and dish attribution; one subject, natural color, 4:3 center-safe crop."
rosa-mexicano,Rosa Mexicano,restaurants,likely_open,2026-10-08,2,eat/,HOLD_VERIFICATION,verify listing before acquiring venue media,assets/media/listings/rosa-mexicano.jpg,listings/rosa-mexicano.jpg,4:3 current card crop,optional image/image_credit supported; no current image fields,not established by source URLs,"Actual authorized photograph of this restaurant interior or an identified dish it serves. Confirm cuisine and dish attribution; one subject, natural color, 4:3 center-safe crop."
border-grill,Border Grill,restaurants,likely_open,2026-10-08,1,eat/,HOLD_VERIFICATION,verify listing before acquiring venue media,assets/media/listings/border-grill.jpg,listings/border-grill.jpg,4:3 current card crop,optional image/image_credit supported; no current image fields,not established by source URLs,"Actual authorized photograph of this restaurant interior or an identified dish it serves. Confirm cuisine and dish attribution; one subject, natural color, 4:3 center-safe crop."
allegro,Allegro,restaurants,open,2026-10-08,2,eat/,P3_CATEGORY_PAGE,optional actual authorized photo; text-led card remains valid,assets/media/listings/allegro.jpg,listings/allegro.jpg,4:3 current card crop,optional image/image_credit supported; no current image fields,not established by source URLs,"Actual authorized photograph of this restaurant interior or an identified dish it serves. Confirm cuisine and dish attribution; one subject, natural color, 4:3 center-safe crop."
amalfi,Amalfi by Bobby Flay,restaurants,open,2026-10-08,2,eat/,P3_CATEGORY_PAGE,optional actual authorized photo; text-led card remains valid,assets/media/listings/amalfi.jpg,listings/amalfi.jpg,4:3 current card crop,optional image/image_credit supported; no current image fields,not established by source URLs,"Actual authorized photograph of this restaurant interior or an identified dish it serves. Confirm cuisine and dish attribution; one subject, natural color, 4:3 center-safe crop."
canaletto,Canaletto,restaurants,open,2026-10-08,2,eat/,P3_CATEGORY_PAGE,optional actual authorized photo; text-led card remains valid,assets/media/listings/canaletto.jpg,listings/canaletto.jpg,4:3 current card crop,optional image/image_credit supported; no current image fields,not established by source URLs,"Actual authorized photograph of this restaurant interior or an identified dish it serves. Confirm cuisine and dish attribution; one subject, natural color, 4:3 center-safe crop."
buddy-vs,Buddy V's Ristorante,restaurants,open,2026-10-08,3,eat/,P3_CATEGORY_PAGE,optional actual authorized photo; text-led card remains valid,assets/media/listings/buddy-vs.jpg,listings/buddy-vs.jpg,4:3 current card crop,optional image/image_credit supported; no current image fields,not established by source URLs,"Actual authorized photograph of this restaurant interior or an identified dish it serves. Confirm cuisine and dish attribution; one subject, natural color, 4:3 center-safe crop."
casanova,Casanova,restaurants,closed,2026-10-08,1,not currently rendered,HOLD_CLOSED_OR_HIDDEN,skip production until record becomes eligible,,,4:3 current card crop,optional image/image_credit supported; no current image fields,not established by source URLs,"Actual authorized photograph of this restaurant interior or an identified dish it serves. Confirm cuisine and dish attribution; one subject, natural color, 4:3 center-safe crop."
buca-di-beppo,Buca di Beppo,restaurants,likely_open,2026-10-08,0,not currently rendered,HOLD_VERIFICATION,verify listing before acquiring venue media,assets/media/listings/buca-di-beppo.jpg,listings/buca-di-beppo.jpg,4:3 current card crop,optional image/image_credit supported; no current image fields,not established by source URLs,"Actual authorized photograph of this restaurant interior or an identified dish it serves. Confirm cuisine and dish attribution; one subject, natural color, 4:3 center-safe crop."
cipriani,Cipriani,restaurants,open,2026-10-08,2,eat/,P3_CATEGORY_PAGE,optional actual authorized photo; text-led card remains valid,assets/media/listings/cipriani.jpg,listings/cipriani.jpg,4:3 current card crop,optional image/image_credit supported; no current image fields,not established by source URLs,"Actual authorized photograph of this restaurant interior or an identified dish it serves. Confirm cuisine and dish attribution; one subject, natural color, 4:3 center-safe crop."
eataly,Eataly,restaurants,likely_open,2026-10-08,1,eat/,HOLD_VERIFICATION,verify listing before acquiring venue media,assets/media/listings/eataly.jpg,listings/eataly.jpg,4:3 current card crop,optional image/image_credit supported; no current image fields,not established by source URLs,"Actual authorized photograph of this restaurant interior or an identified dish it serves. Confirm cuisine and dish attribution; one subject, natural color, 4:3 center-safe crop."
il-fornaio,Il Fornaio,restaurants,likely_open,2026-10-08,1,not currently rendered,HOLD_CLOSED_OR_HIDDEN,skip production until record becomes eligible,,,4:3 current card crop,optional image/image_credit supported; no current image fields,not established by source URLs,"Actual authorized photograph of this restaurant interior or an identified dish it serves. Confirm cuisine and dish attribution; one subject, natural color, 4:3 center-safe crop."
lavo,LAVO Italian Restaurant,restaurants,likely_open,2026-10-08,2,eat/,HOLD_VERIFICATION,verify listing before acquiring venue media,assets/media/listings/lavo.jpg,listings/lavo.jpg,4:3 current card crop,optional image/image_credit supported; no current image fields,not established by source URLs,"Actual authorized photograph of this restaurant interior or an identified dish it serves. Confirm cuisine and dish attribution; one subject, natural color, 4:3 center-safe crop."
lago,Lago,restaurants,open,2026-10-08,1,eat/,P3_CATEGORY_PAGE,optional actual authorized photo; text-led card remains valid,assets/media/listings/lago.jpg,listings/lago.jpg,4:3 current card crop,optional image/image_credit supported; no current image fields,not established by source URLs,"Actual authorized photograph of this restaurant interior or an identified dish it serves. Confirm cuisine and dish attribution; one subject, natural color, 4:3 center-safe crop."
lupo,Lupo by Wolfgang Puck,restaurants,closed,2026-10-08,1,not currently rendered,HOLD_CLOSED_OR_HIDDEN,skip production until record becomes eligible,,,4:3 current card crop,optional image/image_credit supported; no current image fields,not established by source URLs,"Actual authorized photograph of this restaurant interior or an identified dish it serves. Confirm cuisine and dish attribution; one subject, natural color, 4:3 center-safe crop."
martoranos,Martorano's,restaurants,closed,2026-10-08,1,not currently rendered,HOLD_CLOSED_OR_HIDDEN,skip production until record becomes eligible,,,4:3 current card crop,optional image/image_credit supported; no current image fields,not established by source URLs,"Actual authorized photograph of this restaurant interior or an identified dish it serves. Confirm cuisine and dish attribution; one subject, natural color, 4:3 center-safe crop."
matteos,Matteo's Ristorante Italiano,restaurants,open,2026-10-08,2,eat/,P3_CATEGORY_PAGE,optional actual authorized photo; text-led card remains valid,assets/media/listings/matteos.jpg,listings/matteos.jpg,4:3 current card crop,optional image/image_credit supported; no current image fields,not established by source URLs,"Actual authorized photograph of this restaurant interior or an identified dish it serves. Confirm cuisine and dish attribution; one subject, natural color, 4:3 center-safe crop."
sinatra,Sinatra,restaurants,open,2026-10-08,2,eat/,P3_CATEGORY_PAGE,optional actual authorized photo; text-led card remains valid,assets/media/listings/sinatra.jpg,listings/sinatra.jpg,4:3 current card crop,optional image/image_credit supported; no current image fields,not established by source URLs,"Actual authorized photograph of this restaurant interior or an identified dish it serves. Confirm cuisine and dish attribution; one subject, natural color, 4:3 center-safe crop."
scarpetta,Scarpetta,restaurants,open,2026-10-08,1,eat/,P3_CATEGORY_PAGE,optional actual authorized photo; text-led card remains valid,assets/media/listings/scarpetta.jpg,listings/scarpetta.jpg,4:3 current card crop,optional image/image_credit supported; no current image fields,not established by source URLs,"Actual authorized photograph of this restaurant interior or an identified dish it serves. Confirm cuisine and dish attribution; one subject, natural color, 4:3 center-safe crop."
trevi,Trevi Italian Restaurant,restaurants,closed,2026-10-08,1,not currently rendered,HOLD_CLOSED_OR_HIDDEN,skip production until record becomes eligible,,,4:3 current card crop,optional image/image_credit supported; no current image fields,not established by source URLs,"Actual authorized photograph of this restaurant interior or an identified dish it serves. Confirm cuisine and dish attribution; one subject, natural color, 4:3 center-safe crop."
veranda,Veranda,restaurants,open,2026-10-08,1,eat/,P3_CATEGORY_PAGE,optional actual authorized photo; text-led card remains valid,assets/media/listings/veranda.jpg,listings/veranda.jpg,4:3 current card crop,optional image/image_credit supported; no current image fields,not established by source URLs,"Actual authorized photograph of this restaurant interior or an identified dish it serves. Confirm cuisine and dish attribution; one subject, natural color, 4:3 center-safe crop."
ferraros,Ferraro's Ristorante,restaurants,open,2026-10-08,2,eat/,P3_CATEGORY_PAGE,optional actual authorized photo; text-led card remains valid,assets/media/listings/ferraros.jpg,listings/ferraros.jpg,4:3 current card crop,optional image/image_credit supported; no current image fields,not established by source URLs,"Actual authorized photograph of this restaurant interior or an identified dish it serves. Confirm cuisine and dish attribution; one subject, natural color, 4:3 center-safe crop."
benihana,Benihana,restaurants,open,2026-10-08,2,eat/,P3_CATEGORY_PAGE,optional actual authorized photo; text-led card remains valid,assets/media/listings/benihana.jpg,listings/benihana.jpg,4:3 current card crop,optional image/image_credit supported; no current image fields,not established by source URLs,"Actual authorized photograph of this restaurant interior or an identified dish it serves. Confirm cuisine and dish attribution; one subject, natural color, 4:3 center-safe crop."
best-friend,Best Friend,restaurants,likely_open,2026-10-08,0,not currently rendered,HOLD_VERIFICATION,verify listing before acquiring venue media,assets/media/listings/best-friend.jpg,listings/best-friend.jpg,4:3 current card crop,optional image/image_credit supported; no current image fields,not established by source URLs,"Actual authorized photograph of this restaurant interior or an identified dish it serves. Confirm cuisine and dish attribution; one subject, natural color, 4:3 center-safe crop."
boon-tong-kee,Boon Tong Kee,restaurants,closed,2026-10-08,3,not currently rendered,HOLD_CLOSED_OR_HIDDEN,skip production until record becomes eligible,,,4:3 current card crop,optional image/image_credit supported; no current image fields,not established by source URLs,"Actual authorized photograph of this restaurant interior or an identified dish it serves. Confirm cuisine and dish attribution; one subject, natural color, 4:3 center-safe crop."
blossom,Blossom,restaurants,likely_open,2026-10-08,1,eat/,HOLD_VERIFICATION,verify listing before acquiring venue media,assets/media/listings/blossom.jpg,listings/blossom.jpg,4:3 current card crop,optional image/image_credit supported; no current image fields,not established by source URLs,"Actual authorized photograph of this restaurant interior or an identified dish it serves. Confirm cuisine and dish attribution; one subject, natural color, 4:3 center-safe crop."
catch,CATCH,restaurants,likely_open,2026-10-08,1,eat/,HOLD_VERIFICATION,verify listing before acquiring venue media,assets/media/listings/catch.jpg,listings/catch.jpg,4:3 current card crop,optional image/image_credit supported; no current image fields,not established by source URLs,"Actual authorized photograph of this restaurant interior or an identified dish it serves. Confirm cuisine and dish attribution; one subject, natural color, 4:3 center-safe crop."
chin-chin,Chin Chin,restaurants,likely_open,2026-10-08,0,not currently rendered,HOLD_VERIFICATION,verify listing before acquiring venue media,assets/media/listings/chin-chin.jpg,listings/chin-chin.jpg,4:3 current card crop,optional image/image_credit supported; no current image fields,not established by source URLs,"Actual authorized photograph of this restaurant interior or an identified dish it serves. Confirm cuisine and dish attribution; one subject, natural color, 4:3 center-safe crop."
din-tai-fung,Din Tai Fung,restaurants,open,2026-10-08,1,eat/,P3_CATEGORY_PAGE,optional actual authorized photo; text-led card remains valid,assets/media/listings/din-tai-fung.jpg,listings/din-tai-fung.jpg,4:3 current card crop,optional image/image_credit supported; no current image fields,not established by source URLs,"Actual authorized photograph of this restaurant interior or an identified dish it serves. Confirm cuisine and dish attribution; one subject, natural color, 4:3 center-safe crop."
fuhu,FUHU,restaurants,open,2026-10-08,2,eat/,P3_CATEGORY_PAGE,optional actual authorized photo; text-led card remains valid,assets/media/listings/fuhu.jpg,listings/fuhu.jpg,4:3 current card crop,optional image/image_credit supported; no current image fields,not established by source URLs,"Actual authorized photograph of this restaurant interior or an identified dish it serves. Confirm cuisine and dish attribution; one subject, natural color, 4:3 center-safe crop."
genting-palace,Genting Palace,restaurants,open,2026-10-08,2,eat/,P3_CATEGORY_PAGE,optional actual authorized photo; text-led card remains valid,assets/media/listings/genting-palace.jpg,listings/genting-palace.jpg,4:3 current card crop,optional image/image_credit supported; no current image fields,not established by source URLs,"Actual authorized photograph of this restaurant interior or an identified dish it serves. Confirm cuisine and dish attribution; one subject, natural color, 4:3 center-safe crop."
ginseng-bbq,Ginseng Korean BBQ,restaurants,closed,2026-10-08,1,not currently rendered,HOLD_CLOSED_OR_HIDDEN,skip production until record becomes eligible,,,4:3 current card crop,optional image/image_credit supported; no current image fields,not established by source URLs,"Actual authorized photograph of this restaurant interior or an identified dish it serves. Confirm cuisine and dish attribution; one subject, natural color, 4:3 center-safe crop."
grand-wok,Grand Wok Noodle Bar,restaurants,open,2026-10-08,1,eat/,P3_CATEGORY_PAGE,optional actual authorized photo; text-led card remains valid,assets/media/listings/grand-wok.jpg,listings/grand-wok.jpg,4:3 current card crop,optional image/image_credit supported; no current image fields,not established by source URLs,"Actual authorized photograph of this restaurant interior or an identified dish it serves. Confirm cuisine and dish attribution; one subject, natural color, 4:3 center-safe crop."
hakkasan-restaurant,Hakkasan Restaurant,restaurants,open,2026-10-08,2,eat/,P3_CATEGORY_PAGE,optional actual authorized photo; text-led card remains valid,assets/media/listings/hakkasan-restaurant.jpg,listings/hakkasan-restaurant.jpg,4:3 current card crop,optional image/image_credit supported; no current image fields,not established by source URLs,"Actual authorized photograph of this restaurant interior or an identified dish it serves. Confirm cuisine and dish attribution; one subject, natural color, 4:3 center-safe crop."
hong-kong-cafe,Hong Kong Cafe,restaurants,likely_open,2026-10-08,2,eat/,HOLD_VERIFICATION,verify listing before acquiring venue media,assets/media/listings/hong-kong-cafe.jpg,listings/hong-kong-cafe.jpg,4:3 current card crop,optional image/image_credit supported; no current image fields,not established by source URLs,"Actual authorized photograph of this restaurant interior or an identified dish it serves. Confirm cuisine and dish attribution; one subject, natural color, 4:3 center-safe crop."
koi,KOI,restaurants,closed,2026-10-08,1,not currently rendered,HOLD_CLOSED_OR_HIDDEN,skip production until record becomes eligible,,,4:3 current card crop,optional image/image_credit supported; no current image fields,not established by source URLs,"Actual authorized photograph of this restaurant interior or an identified dish it serves. Confirm cuisine and dish attribution; one subject, natural color, 4:3 center-safe crop."
kumi,Kumi,restaurants,likely_open,2026-10-08,0,not currently rendered,HOLD_VERIFICATION,verify listing before acquiring venue media,assets/media/listings/kumi.jpg,listings/kumi.jpg,4:3 current card crop,optional image/image_credit supported; no current image fields,not established by source URLs,"Actual authorized photograph of this restaurant interior or an identified dish it serves. Confirm cuisine and dish attribution; one subject, natural color, 4:3 center-safe crop."
la-la-noodle,La La Noodle,restaurants,likely_open,2026-10-08,1,eat/,HOLD_VERIFICATION,verify listing before acquiring venue media,assets/media/listings/la-la-noodle.jpg,listings/la-la-noodle.jpg,4:3 current card crop,optional image/image_credit supported; no current image fields,not established by source URLs,"Actual authorized photograph of this restaurant interior or an identified dish it serves. Confirm cuisine and dish attribution; one subject, natural color, 4:3 center-safe crop."
lemongrass,Lemongrass,restaurants,likely_open,2026-10-08,1,eat/,HOLD_VERIFICATION,verify listing before acquiring venue media,assets/media/listings/lemongrass.jpg,listings/lemongrass.jpg,4:3 current card crop,optional image/image_credit supported; no current image fields,not established by source URLs,"Actual authorized photograph of this restaurant interior or an identified dish it serves. Confirm cuisine and dish attribution; one subject, natural color, 4:3 center-safe crop."
majordomo,Majordomo Meat & Fish,restaurants,closed,2026-10-08,1,not currently rendered,HOLD_CLOSED_OR_HIDDEN,skip production until record becomes eligible,,,4:3 current card crop,optional image/image_credit supported; no current image fields,not established by source URLs,"Actual authorized photograph of this restaurant interior or an identified dish it serves. Confirm cuisine and dish attribution; one subject, natural color, 4:3 center-safe crop."
morimoto,Morimoto,restaurants,open,2026-10-08,2,eat/,P3_CATEGORY_PAGE,optional actual authorized photo; text-led card remains valid,assets/media/listings/morimoto.jpg,listings/morimoto.jpg,4:3 current card crop,optional image/image_credit supported; no current image fields,not established by source URLs,"Actual authorized photograph of this restaurant interior or an identified dish it serves. Confirm cuisine and dish attribution; one subject, natural color, 4:3 center-safe crop."
mizumi,Mizumi,restaurants,open,2026-10-08,2,eat/,P3_CATEGORY_PAGE,optional actual authorized photo; text-led card remains valid,assets/media/listings/mizumi.jpg,listings/mizumi.jpg,4:3 current card crop,optional image/image_credit supported; no current image fields,not established by source URLs,"Actual authorized photograph of this restaurant interior or an identified dish it serves. Confirm cuisine and dish attribution; one subject, natural color, 4:3 center-safe crop."
nobu,Nobu,restaurants,open,2026-10-08,1,eat/,P3_CATEGORY_PAGE,optional actual authorized photo; text-led card remains valid,assets/media/listings/nobu.jpg,listings/nobu.jpg,4:3 current card crop,optional image/image_credit supported; no current image fields,not established by source URLs,"Actual authorized photograph of this restaurant interior or an identified dish it serves. Confirm cuisine and dish attribution; one subject, natural color, 4:3 center-safe crop."
noodle-den,The Noodle Den,restaurants,likely_open,2026-10-08,0,not currently rendered,HOLD_VERIFICATION,verify listing before acquiring venue media,assets/media/listings/noodle-den.jpg,listings/noodle-den.jpg,4:3 current card crop,optional image/image_credit supported; no current image fields,not established by source URLs,"Actual authorized photograph of this restaurant interior or an identified dish it serves. Confirm cuisine and dish attribution; one subject, natural color, 4:3 center-safe crop."
noodle-shop,Noodle Shop,restaurants,likely_open,2026-10-08,1,eat/,HOLD_VERIFICATION,verify listing before acquiring venue media,assets/media/listings/noodle-shop.jpg,listings/noodle-shop.jpg,4:3 current card crop,optional image/image_credit supported; no current image fields,not established by source URLs,"Actual authorized photograph of this restaurant interior or an identified dish it serves. Confirm cuisine and dish attribution; one subject, natural color, 4:3 center-safe crop."
nori-bar,Nori Bar,restaurants,open,2026-10-08,2,eat/,P3_CATEGORY_PAGE,optional actual authorized photo; text-led card remains valid,assets/media/listings/nori-bar.jpg,listings/nori-bar.jpg,4:3 current card crop,optional image/image_credit supported; no current image fields,not established by source URLs,"Actual authorized photograph of this restaurant interior or an identified dish it serves. Confirm cuisine and dish attribution; one subject, natural color, 4:3 center-safe crop."
pf-changs,P.F. Chang's,restaurants,likely_open,2026-10-08,1,eat/,HOLD_VERIFICATION,verify listing before acquiring venue media,assets/media/listings/pf-changs.jpg,listings/pf-changs.jpg,4:3 current card crop,optional image/image_credit supported; no current image fields,not established by source URLs,"Actual authorized photograph of this restaurant interior or an identified dish it serves. Confirm cuisine and dish attribution; one subject, natural color, 4:3 center-safe crop."
ramen-ya,Ramen-Ya,restaurants,likely_open,2026-10-08,0,not currently rendered,HOLD_VERIFICATION,verify listing before acquiring venue media,assets/media/listings/ramen-ya.jpg,listings/ramen-ya.jpg,4:3 current card crop,optional image/image_credit supported; no current image fields,not established by source URLs,"Actual authorized photograph of this restaurant interior or an identified dish it serves. Confirm cuisine and dish attribution; one subject, natural color, 4:3 center-safe crop."
red-8,Red 8,restaurants,open,2026-10-08,2,eat/,P3_CATEGORY_PAGE,optional actual authorized photo; text-led card remains valid,assets/media/listings/red-8.jpg,listings/red-8.jpg,4:3 current card crop,optional image/image_credit supported; no current image fields,not established by source URLs,"Actual authorized photograph of this restaurant interior or an identified dish it serves. Confirm cuisine and dish attribution; one subject, natural color, 4:3 center-safe crop."
red-plate,Red Plate,restaurants,likely_open,2026-10-08,0,not currently rendered,HOLD_VERIFICATION,verify listing before acquiring venue media,assets/media/listings/red-plate.jpg,listings/red-plate.jpg,4:3 current card crop,optional image/image_credit supported; no current image fields,not established by source URLs,"Actual authorized photograph of this restaurant interior or an identified dish it serves. Confirm cuisine and dish attribution; one subject, natural color, 4:3 center-safe crop."
ru-yi,Ru Yi,restaurants,closed,2026-10-08,0,not currently rendered,HOLD_CLOSED_OR_HIDDEN,skip production until record becomes eligible,,,4:3 current card crop,optional image/image_credit supported; no current image fields,not established by source URLs,"Actual authorized photograph of this restaurant interior or an identified dish it serves. Confirm cuisine and dish attribution; one subject, natural color, 4:3 center-safe crop."
sushi-roku,Sushi Roku,restaurants,open,2026-10-08,1,eat/,P3_CATEGORY_PAGE,optional actual authorized photo; text-led card remains valid,assets/media/listings/sushi-roku.jpg,listings/sushi-roku.jpg,4:3 current card crop,optional image/image_credit supported; no current image fields,not established by source URLs,"Actual authorized photograph of this restaurant interior or an identified dish it serves. Confirm cuisine and dish attribution; one subject, natural color, 4:3 center-safe crop."
tao-restaurant,TAO Asian Bistro,restaurants,open,2026-10-08,2,eat/,P3_CATEGORY_PAGE,optional actual authorized photo; text-led card remains valid,assets/media/listings/tao-restaurant.jpg,listings/tao-restaurant.jpg,4:3 current card crop,optional image/image_credit supported; no current image fields,not established by source URLs,"Actual authorized photograph of this restaurant interior or an identified dish it serves. Confirm cuisine and dish attribution; one subject, natural color, 4:3 center-safe crop."
sushisamba,SUSHISAMBA,restaurants,likely_open,2026-10-08,1,eat/,HOLD_VERIFICATION,verify listing before acquiring venue media,assets/media/listings/sushisamba.jpg,listings/sushisamba.jpg,4:3 current card crop,optional image/image_credit supported; no current image fields,not established by source URLs,"Actual authorized photograph of this restaurant interior or an identified dish it serves. Confirm cuisine and dish attribution; one subject, natural color, 4:3 center-safe crop."
wazuzu,Wazuzu,restaurants,open,2026-10-08,2,eat/,P3_CATEGORY_PAGE,optional actual authorized photo; text-led card remains valid,assets/media/listings/wazuzu.jpg,listings/wazuzu.jpg,4:3 current card crop,optional image/image_credit supported; no current image fields,not established by source URLs,"Actual authorized photograph of this restaurant interior or an identified dish it serves. Confirm cuisine and dish attribution; one subject, natural color, 4:3 center-safe crop."
yellowtail,Yellowtail,restaurants,open,2026-10-08,1,eat/,P3_CATEGORY_PAGE,optional actual authorized photo; text-led card remains valid,assets/media/listings/yellowtail.jpg,listings/yellowtail.jpg,4:3 current card crop,optional image/image_credit supported; no current image fields,not established by source URLs,"Actual authorized photograph of this restaurant interior or an identified dish it serves. Confirm cuisine and dish attribution; one subject, natural color, 4:3 center-safe crop."
zuma,Zuma,restaurants,likely_open,2026-10-08,0,not currently rendered,HOLD_VERIFICATION,verify listing before acquiring venue media,assets/media/listings/zuma.jpg,listings/zuma.jpg,4:3 current card crop,optional image/image_credit supported; no current image fields,not established by source URLs,"Actual authorized photograph of this restaurant interior or an identified dish it serves. Confirm cuisine and dish attribution; one subject, natural color, 4:3 center-safe crop."
america-nyny,America,restaurants,likely_open,2026-10-08,0,not currently rendered,HOLD_VERIFICATION,verify listing before acquiring venue media,assets/media/listings/america-nyny.jpg,listings/america-nyny.jpg,4:3 current card crop,optional image/image_credit supported; no current image fields,not established by source URLs,"Actual authorized photograph of this restaurant interior or an identified dish it serves. Confirm cuisine and dish attribution; one subject, natural color, 4:3 center-safe crop."
burger-brasserie,Burger Brasserie,restaurants,likely_open,2026-10-08,0,not currently rendered,HOLD_VERIFICATION,verify listing before acquiring venue media,assets/media/listings/burger-brasserie.jpg,listings/burger-brasserie.jpg,4:3 current card crop,optional image/image_credit supported; no current image fields,not established by source URLs,"Actual authorized photograph of this restaurant interior or an identified dish it serves. Confirm cuisine and dish attribution; one subject, natural color, 4:3 center-safe crop."
bubba-gump,Bubba Gump Shrimp Co.,restaurants,open,2026-10-08,1,eat/,P3_CATEGORY_PAGE,optional actual authorized photo; text-led card remains valid,assets/media/listings/bubba-gump.jpg,listings/bubba-gump.jpg,4:3 current card crop,optional image/image_credit supported; no current image fields,not established by source URLs,"Actual authorized photograph of this restaurant interior or an identified dish it serves. Confirm cuisine and dish attribution; one subject, natural color, 4:3 center-safe crop."
cafe-americano,Cafe Americano,restaurants,likely_open,2026-10-08,1,eat/,HOLD_VERIFICATION,verify listing before acquiring venue media,assets/media/listings/cafe-americano.jpg,listings/cafe-americano.jpg,4:3 current card crop,optional image/image_credit supported; no current image fields,not established by source URLs,"Actual authorized photograph of this restaurant interior or an identified dish it serves. Confirm cuisine and dish attribution; one subject, natural color, 4:3 center-safe crop."
carversteak,Carversteak,restaurants,open,2026-10-08,2,eat/,P3_CATEGORY_PAGE,optional actual authorized photo; text-led card remains valid,assets/media/listings/carversteak.jpg,listings/carversteak.jpg,4:3 current card crop,optional image/image_credit supported; no current image fields,not established by source URLs,"Actual authorized photograph of this restaurant interior or an identified dish it serves. Confirm cuisine and dish attribution; one subject, natural color, 4:3 center-safe crop."
citizens-kitchen,Citizens Kitchen & Bar,restaurants,likely_open,2026-10-08,0,not currently rendered,HOLD_VERIFICATION,verify listing before acquiring venue media,assets/media/listings/citizens-kitchen.jpg,listings/citizens-kitchen.jpg,4:3 current card crop,optional image/image_credit supported; no current image fields,not established by source URLs,"Actual authorized photograph of this restaurant interior or an identified dish it serves. Confirm cuisine and dish attribution; one subject, natural color, 4:3 center-safe crop."
crack-shack,The Crack Shack,restaurants,likely_open,2026-10-08,0,not currently rendered,HOLD_VERIFICATION,verify listing before acquiring venue media,assets/media/listings/crack-shack.jpg,listings/crack-shack.jpg,4:3 current card crop,optional image/image_credit supported; no current image fields,not established by source URLs,"Actual authorized photograph of this restaurant interior or an identified dish it serves. Confirm cuisine and dish attribution; one subject, natural color, 4:3 center-safe crop."
dellas-kitchen,Della's Kitchen,restaurants,likely_open,2026-10-08,1,eat/,HOLD_VERIFICATION,verify listing before acquiring venue media,assets/media/listings/dellas-kitchen.jpg,listings/dellas-kitchen.jpg,4:3 current card crop,optional image/image_credit supported; no current image fields,not established by source URLs,"Actual authorized photograph of this restaurant interior or an identified dish it serves. Confirm cuisine and dish attribution; one subject, natural color, 4:3 center-safe crop."
gordon-ramsay-pub,Gordon Ramsay Pub & Grill,restaurants,open,2026-10-08,2,eat/,P3_CATEGORY_PAGE,optional actual authorized photo; text-led card remains valid,assets/media/listings/gordon-ramsay-pub.jpg,listings/gordon-ramsay-pub.jpg,4:3 current card crop,optional image/image_credit supported; no current image fields,not established by source URLs,"Actual authorized photograph of this restaurant interior or an identified dish it serves. Confirm cuisine and dish attribution; one subject, natural color, 4:3 center-safe crop."
gordon-ramsay-burger,Gordon Ramsay Burger,restaurants,open,2026-10-08,2,eat/,P3_CATEGORY_PAGE,optional actual authorized photo; text-led card remains valid,assets/media/listings/gordon-ramsay-burger.jpg,listings/gordon-ramsay-burger.jpg,4:3 current card crop,optional image/image_credit supported; no current image fields,not established by source URLs,"Actual authorized photograph of this restaurant interior or an identified dish it serves. Confirm cuisine and dish attribution; one subject, natural color, 4:3 center-safe crop."
guy-fieri-vegas-kitchen,Guy Fieri's Vegas Kitchen & Bar,restaurants,open,2026-10-08,1,eat/,P3_CATEGORY_PAGE,optional actual authorized photo; text-led card remains valid,assets/media/listings/guy-fieri-vegas-kitchen.jpg,listings/guy-fieri-vegas-kitchen.jpg,4:3 current card crop,optional image/image_credit supported; no current image fields,not established by source URLs,"Actual authorized photograph of this restaurant interior or an identified dish it serves. Confirm cuisine and dish attribution; one subject, natural color, 4:3 center-safe crop."
hard-rock-cafe,Hard Rock Cafe,restaurants,likely_open,2026-10-08,0,not currently rendered,HOLD_VERIFICATION,verify listing before acquiring venue media,assets/media/listings/hard-rock-cafe.jpg,listings/hard-rock-cafe.jpg,4:3 current card crop,optional image/image_credit supported; no current image fields,not established by source URLs,"Actual authorized photograph of this restaurant interior or an identified dish it serves. Confirm cuisine and dish attribution; one subject, natural color, 4:3 center-safe crop."
harvest,Harvest,restaurants,open,2026-10-08,1,eat/,P3_CATEGORY_PAGE,optional actual authorized photo; text-led card remains valid,assets/media/listings/harvest.jpg,listings/harvest.jpg,4:3 current card crop,optional image/image_credit supported; no current image fields,not established by source URLs,"Actual authorized photograph of this restaurant interior or an identified dish it serves. Confirm cuisine and dish attribution; one subject, natural color, 4:3 center-safe crop."
hexx,Hexx Kitchen + Bar,restaurants,likely_open,2026-10-08,1,eat/,HOLD_VERIFICATION,verify listing before acquiring venue media,assets/media/listings/hexx.jpg,listings/hexx.jpg,4:3 current card crop,optional image/image_credit supported; no current image fields,not established by source URLs,"Actual authorized photograph of this restaurant interior or an identified dish it serves. Confirm cuisine and dish attribution; one subject, natural color, 4:3 center-safe crop."
holsteins,Holsteins,restaurants,closed,2026-10-08,1,not currently rendered,HOLD_CLOSED_OR_HIDDEN,skip production until record becomes eligible,,,4:3 current card crop,optional image/image_credit supported; no current image fields,not established by source URLs,"Actual authorized photograph of this restaurant interior or an identified dish it serves. Confirm cuisine and dish attribution; one subject, natural color, 4:3 center-safe crop."
jean-georges-steakhouse,Jean Georges Steakhouse,restaurants,open,2026-10-08,1,eat/,P3_CATEGORY_PAGE,optional actual authorized photo; text-led card remains valid,assets/media/listings/jean-georges-steakhouse.jpg,listings/jean-georges-steakhouse.jpg,4:3 current card crop,optional image/image_credit supported; no current image fields,not established by source URLs,"Actual authorized photograph of this restaurant interior or an identified dish it serves. Confirm cuisine and dish attribution; one subject, natural color, 4:3 center-safe crop."
mayfair-supper-club,The Mayfair Supper Club,restaurants,open,2026-10-08,1,eat/,P3_CATEGORY_PAGE,optional actual authorized photo; text-led card remains valid,assets/media/listings/mayfair-supper-club.jpg,listings/mayfair-supper-club.jpg,4:3 current card crop,optional image/image_credit supported; no current image fields,not established by source URLs,"Actual authorized photograph of this restaurant interior or an identified dish it serves. Confirm cuisine and dish attribution; one subject, natural color, 4:3 center-safe crop."
mastros-ocean-club,Mastro's Ocean Club,restaurants,open,2026-10-08,1,eat/,P3_CATEGORY_PAGE,optional actual authorized photo; text-led card remains valid,assets/media/listings/mastros-ocean-club.jpg,listings/mastros-ocean-club.jpg,4:3 current card crop,optional image/image_credit supported; no current image fields,not established by source URLs,"Actual authorized photograph of this restaurant interior or an identified dish it serves. Confirm cuisine and dish attribution; one subject, natural color, 4:3 center-safe crop."
salt-and-ivy,Salt & Ivy,restaurants,likely_open,2026-10-08,1,eat/,HOLD_VERIFICATION,verify listing before acquiring venue media,assets/media/listings/salt-and-ivy.jpg,listings/salt-and-ivy.jpg,4:3 current card crop,optional image/image_credit supported; no current image fields,not established by source URLs,"Actual authorized photograph of this restaurant interior or an identified dish it serves. Confirm cuisine and dish attribution; one subject, natural color, 4:3 center-safe crop."
true-food-kitchen,True Food Kitchen,restaurants,open,2026-10-08,1,eat/,P3_CATEGORY_PAGE,optional actual authorized photo; text-led card remains valid,assets/media/listings/true-food-kitchen.jpg,listings/true-food-kitchen.jpg,4:3 current card crop,optional image/image_credit supported; no current image fields,not established by source URLs,"Actual authorized photograph of this restaurant interior or an identified dish it serves. Confirm cuisine and dish attribution; one subject, natural color, 4:3 center-safe crop."
wolfgang-puck-bar-grill,Wolfgang Puck Bar & Grill,restaurants,open,2026-10-08,1,eat/,P3_CATEGORY_PAGE,optional actual authorized photo; text-led card remains valid,assets/media/listings/wolfgang-puck-bar-grill.jpg,listings/wolfgang-puck-bar-grill.jpg,4:3 current card crop,optional image/image_credit supported; no current image fields,not established by source URLs,"Actual authorized photograph of this restaurant interior or an identified dish it serves. Confirm cuisine and dish attribution; one subject, natural color, 4:3 center-safe crop."
brioche,Brioche by Guy Savoy,restaurants,open,2026-10-08,3,eat/,P3_CATEGORY_PAGE,optional actual authorized photo; text-led card remains valid,assets/media/listings/brioche.jpg,listings/brioche.jpg,4:3 current card crop,optional image/image_credit supported; no current image fields,not established by source URLs,"Actual authorized photograph of this restaurant interior or an identified dish it serves. Confirm cuisine and dish attribution; one subject, natural color, 4:3 center-safe crop."
bardot,Bardot Brasserie,restaurants,open,2026-10-08,1,eat/,P3_CATEGORY_PAGE,optional actual authorized photo; text-led card remains valid,assets/media/listings/bardot.jpg,listings/bardot.jpg,4:3 current card crop,optional image/image_credit supported; no current image fields,not established by source URLs,"Actual authorized photograph of this restaurant interior or an identified dish it serves. Confirm cuisine and dish attribution; one subject, natural color, 4:3 center-safe crop."
eiffel-tower-restaurant,Eiffel Tower Restaurant,restaurants,open,2026-10-08,2,eat/,P3_CATEGORY_PAGE,optional actual authorized photo; text-led card remains valid,assets/media/listings/eiffel-tower-restaurant.jpg,listings/eiffel-tower-restaurant.jpg,4:3 current card crop,optional image/image_credit supported; no current image fields,not established by source URLs,"Actual authorized photograph of this restaurant interior or an identified dish it serves. Confirm cuisine and dish attribution; one subject, natural color, 4:3 center-safe crop."
favorite-bistro,Favorite Bistro,restaurants,likely_open,2026-10-08,0,not currently rendered,HOLD_VERIFICATION,verify listing before acquiring venue media,assets/media/listings/favorite-bistro.jpg,listings/favorite-bistro.jpg,4:3 current card crop,optional image/image_credit supported; no current image fields,not established by source URLs,"Actual authorized photograph of this restaurant interior or an identified dish it serves. Confirm cuisine and dish attribution; one subject, natural color, 4:3 center-safe crop."
mon-ami-gabi,Mon Ami Gabi,restaurants,open,2026-10-08,2,eat/;on-this-week,P1,actual authorized photograph/publicity asset,assets/media/listings/mon-ami-gabi.jpg,listings/mon-ami-gabi.jpg,4:3 current card crop,optional image/image_credit supported; no current image fields,not established by source URLs,"Actual authorized photograph of this restaurant interior or an identified dish it serves. Confirm cuisine and dish attribution; one subject, natural color, 4:3 center-safe crop."
primrose,Primrose,restaurants,likely_open,2026-10-08,0,not currently rendered,HOLD_VERIFICATION,verify listing before acquiring venue media,assets/media/listings/primrose.jpg,listings/primrose.jpg,4:3 current card crop,optional image/image_credit supported; no current image fields,not established by source URLs,"Actual authorized photograph of this restaurant interior or an identified dish it serves. Confirm cuisine and dish attribution; one subject, natural color, 4:3 center-safe crop."
india-palace,India Palace,restaurants,open,2026-10-08,1,eat/,P3_CATEGORY_PAGE,optional actual authorized photo; text-led card remains valid,assets/media/listings/india-palace.jpg,listings/india-palace.jpg,4:3 current card crop,optional image/image_credit supported; no current image fields,not established by source URLs,"Actual authorized photograph of this restaurant interior or an identified dish it serves. Confirm cuisine and dish attribution; one subject, natural color, 4:3 center-safe crop."
delhi-indian-cuisine,Delhi Indian Cuisine,restaurants,likely_open,2026-10-08,0,not currently rendered,HOLD_VERIFICATION,verify listing before acquiring venue media,assets/media/listings/delhi-indian-cuisine.jpg,listings/delhi-indian-cuisine.jpg,4:3 current card crop,optional image/image_credit supported; no current image fields,not established by source URLs,"Actual authorized photograph of this restaurant interior or an identified dish it serves. Confirm cuisine and dish attribution; one subject, natural color, 4:3 center-safe crop."
royal-india,Royal India Bistro (Buffet),restaurants,likely_open,2026-10-08,1,eat/,HOLD_VERIFICATION,verify listing before acquiring venue media,assets/media/listings/royal-india.jpg,listings/royal-india.jpg,4:3 current card crop,optional image/image_credit supported; no current image fields,not established by source URLs,"Actual authorized photograph of this restaurant interior or an identified dish it serves. Confirm cuisine and dish attribution; one subject, natural color, 4:3 center-safe crop."
spice-indian,Spice Indian Cuisine,restaurants,likely_open,2026-10-08,0,not currently rendered,HOLD_VERIFICATION,verify listing before acquiring venue media,assets/media/listings/spice-indian.jpg,listings/spice-indian.jpg,4:3 current card crop,optional image/image_credit supported; no current image fields,not established by source URLs,"Actual authorized photograph of this restaurant interior or an identified dish it serves. Confirm cuisine and dish attribution; one subject, natural color, 4:3 center-safe crop."
curry-pot,Curry Pot,restaurants,likely_open,2026-10-08,1,eat/,HOLD_VERIFICATION,verify listing before acquiring venue media,assets/media/listings/curry-pot.jpg,listings/curry-pot.jpg,4:3 current card crop,optional image/image_credit supported; no current image fields,not established by source URLs,"Actual authorized photograph of this restaurant interior or an identified dish it serves. Confirm cuisine and dish attribution; one subject, natural color, 4:3 center-safe crop."
marigold,Marigold Fine Indian Cuisine,restaurants,open,2026-10-08,1,eat/,P3_CATEGORY_PAGE,optional actual authorized photo; text-led card remains valid,assets/media/listings/marigold.jpg,listings/marigold.jpg,4:3 current card crop,optional image/image_credit supported; no current image fields,not established by source URLs,"Actual authorized photograph of this restaurant interior or an identified dish it serves. Confirm cuisine and dish attribution; one subject, natural color, 4:3 center-safe crop."
kabob-and-more,Kabob 'N More,restaurants,likely_open,2026-10-08,1,eat/,HOLD_VERIFICATION,verify listing before acquiring venue media,assets/media/listings/kabob-and-more.jpg,listings/kabob-and-more.jpg,4:3 current card crop,optional image/image_credit supported; no current image fields,not established by source URLs,"Actual authorized photograph of this restaurant interior or an identified dish it serves. Confirm cuisine and dish attribution; one subject, natural color, 4:3 center-safe crop."
govindas-cafe,Govinda's Cafe,restaurants,likely_open,2026-10-08,1,eat/,HOLD_VERIFICATION,verify listing before acquiring venue media,assets/media/listings/govindas-cafe.jpg,listings/govindas-cafe.jpg,4:3 current card crop,optional image/image_credit supported; no current image fields,not established by source URLs,"Actual authorized photograph of this restaurant interior or an identified dish it serves. Confirm cuisine and dish attribution; one subject, natural color, 4:3 center-safe crop."
tacos-el-gordo,Tacos El Gordo,restaurants,open,2026-10-08,1,eat/,P3_CATEGORY_PAGE,optional actual authorized photo; text-led card remains valid,assets/media/listings/tacos-el-gordo.jpg,listings/tacos-el-gordo.jpg,4:3 current card crop,optional image/image_credit supported; no current image fields,not established by source URLs,"Actual authorized photograph of this restaurant interior or an identified dish it serves. Confirm cuisine and dish attribution; one subject, natural color, 4:3 center-safe crop."
chayo,Chayo Mexican Kitchen + Tequila Bar,restaurants,open,2026-10-08,1,eat/,P3_CATEGORY_PAGE,optional actual authorized photo; text-led card remains valid,assets/media/listings/chayo.jpg,listings/chayo.jpg,4:3 current card crop,optional image/image_credit supported; no current image fields,not established by source URLs,"Actual authorized photograph of this restaurant interior or an identified dish it serves. Confirm cuisine and dish attribution; one subject, natural color, 4:3 center-safe crop."
bbq-mexicana,BBQ Mexicana,restaurants,open,2026-10-08,1,eat/,P3_CATEGORY_PAGE,optional actual authorized photo; text-led card remains valid,assets/media/listings/bbq-mexicana.jpg,listings/bbq-mexicana.jpg,4:3 current card crop,optional image/image_credit supported; no current image fields,not established by source URLs,"Actual authorized photograph of this restaurant interior or an identified dish it serves. Confirm cuisine and dish attribution; one subject, natural color, 4:3 center-safe crop."
canonita,Cañonita,restaurants,likely_open,2026-10-08,1,eat/,HOLD_VERIFICATION,verify listing before acquiring venue media,assets/media/listings/canonita.jpg,listings/canonita.jpg,4:3 current card crop,optional image/image_credit supported; no current image fields,not established by source URLs,"Actual authorized photograph of this restaurant interior or an identified dish it serves. Confirm cuisine and dish attribution; one subject, natural color, 4:3 center-safe crop."
gonzalez-y-gonzalez,Gonzalez y Gonzalez,restaurants,likely_open,2026-10-08,0,not currently rendered,HOLD_VERIFICATION,verify listing before acquiring venue media,assets/media/listings/gonzalez-y-gonzalez.jpg,listings/gonzalez-y-gonzalez.jpg,4:3 current card crop,optional image/image_credit supported; no current image fields,not established by source URLs,"Actual authorized photograph of this restaurant interior or an identified dish it serves. Confirm cuisine and dish attribution; one subject, natural color, 4:3 center-safe crop."
toca-madera,Toca Madera,restaurants,open,2026-10-08,1,eat/,P3_CATEGORY_PAGE,optional actual authorized photo; text-led card remains valid,assets/media/listings/toca-madera.jpg,listings/toca-madera.jpg,4:3 current card crop,optional image/image_credit supported; no current image fields,not established by source URLs,"Actual authorized photograph of this restaurant interior or an identified dish it serves. Confirm cuisine and dish attribution; one subject, natural color, 4:3 center-safe crop."
e-by-jose-andres,é by José Andrés,restaurants,open,2026-10-08,1,eat/,P3_CATEGORY_PAGE,optional actual authorized photo; text-led card remains valid,assets/media/listings/e-by-jose-andres.jpg,listings/e-by-jose-andres.jpg,4:3 current card crop,optional image/image_credit supported; no current image fields,not established by source URLs,"Actual authorized photograph of this restaurant interior or an identified dish it serves. Confirm cuisine and dish attribution; one subject, natural color, 4:3 center-safe crop."
cabo-wabo,Cabo Wabo Cantina,restaurants,open,2026-10-08,2,eat/,P3_CATEGORY_PAGE,optional actual authorized photo; text-led card remains valid,assets/media/listings/cabo-wabo.jpg,listings/cabo-wabo.jpg,4:3 current card crop,optional image/image_credit supported; no current image fields,not established by source URLs,"Actual authorized photograph of this restaurant interior or an identified dish it serves. Confirm cuisine and dish attribution; one subject, natural color, 4:3 center-safe crop."
el-segundo-sol,El Segundo Sol,restaurants,likely_open,2026-10-08,0,not currently rendered,HOLD_VERIFICATION,verify listing before acquiring venue media,assets/media/listings/el-segundo-sol.jpg,listings/el-segundo-sol.jpg,4:3 current card crop,optional image/image_credit supported; no current image fields,not established by source URLs,"Actual authorized photograph of this restaurant interior or an identified dish it serves. Confirm cuisine and dish attribution; one subject, natural color, 4:3 center-safe crop."
yolos,Yolos,restaurants,likely_open,2026-10-08,1,eat/,HOLD_VERIFICATION,verify listing before acquiring venue media,assets/media/listings/yolos.jpg,listings/yolos.jpg,4:3 current card crop,optional image/image_credit supported; no current image fields,not established by source URLs,"Actual authorized photograph of this restaurant interior or an identified dish it serves. Confirm cuisine and dish attribution; one subject, natural color, 4:3 center-safe crop."
la-salsa,La Salsa,restaurants,open,2026-10-08,1,eat/,P3_CATEGORY_PAGE,optional actual authorized photo; text-led card remains valid,assets/media/listings/la-salsa.jpg,listings/la-salsa.jpg,4:3 current card crop,optional image/image_credit supported; no current image fields,not established by source URLs,"Actual authorized photograph of this restaurant interior or an identified dish it serves. Confirm cuisine and dish attribution; one subject, natural color, 4:3 center-safe crop."
nacho-daddy,Nacho Daddy,restaurants,open,2026-10-08,1,eat/,P3_CATEGORY_PAGE,optional actual authorized photo; text-led card remains valid,assets/media/listings/nacho-daddy.jpg,listings/nacho-daddy.jpg,4:3 current card crop,optional image/image_credit supported; no current image fields,not established by source URLs,"Actual authorized photograph of this restaurant interior or an identified dish it serves. Confirm cuisine and dish attribution; one subject, natural color, 4:3 center-safe crop."
tacos-and-ritas,Tacos N' Ritas,restaurants,open,2026-10-08,1,eat/,P3_CATEGORY_PAGE,optional actual authorized photo; text-led card remains valid,assets/media/listings/tacos-and-ritas.jpg,listings/tacos-and-ritas.jpg,4:3 current card crop,optional image/image_credit supported; no current image fields,not established by source URLs,"Actual authorized photograph of this restaurant interior or an identified dish it serves. Confirm cuisine and dish attribution; one subject, natural color, 4:3 center-safe crop."
blackout-dining,BLACKOUT Dining in the Dark,restaurants,open,2026-10-08,1,eat/,P3_CATEGORY_PAGE,optional actual authorized photo; text-led card remains valid,assets/media/listings/blackout-dining.jpg,listings/blackout-dining.jpg,4:3 current card crop,optional image/image_credit supported; no current image fields,not established by source URLs,"Actual authorized photograph of this restaurant interior or an identified dish it serves. Confirm cuisine and dish attribution; one subject, natural color, 4:3 center-safe crop."
airport-rideshare,Airport Rideshare Pickup (Uber/Lyft),transportation,open,2026-10-08,1,getting-around/,P3_CATEGORY_PAGE,optional actual authorized photo; text-led card remains valid,assets/media/listings/airport-rideshare.jpg,listings/airport-rideshare.jpg,4:3 current card crop,optional image/image_credit supported; no current image fields,not established by source URLs,Actual service/station/vehicle photo if useful; use factual SVG/text for routes and fare graphics.
deuce-bus,The Deuce (RTC Strip bus),transportation,open,2026-10-08,2,getting-around/,P3_CATEGORY_PAGE,optional actual authorized photo; text-led card remains valid,assets/media/listings/deuce-bus.jpg,listings/deuce-bus.jpg,4:3 current card crop,optional image/image_credit supported; no current image fields,not established by source URLs,Actual service/station/vehicle photo if useful; use factual SVG/text for routes and fare graphics.
las-vegas-monorail,Las Vegas Monorail,transportation,open,2026-10-08,2,getting-around/,P3_CATEGORY_PAGE,optional actual authorized photo; text-led card remains valid,assets/media/listings/las-vegas-monorail.jpg,listings/las-vegas-monorail.jpg,4:3 current card crop,optional image/image_credit supported; no current image fields,not established by source URLs,Actual service/station/vehicle photo if useful; use factual SVG/text for routes and fare graphics.
aria-express-tram,ARIA Express Tram,transportation,open,2026-10-08,2,free/;getting-around/,P3_CATEGORY_PAGE,optional actual authorized photo; text-led card remains valid,assets/media/listings/aria-express-tram.jpg,listings/aria-express-tram.jpg,4:3 current card crop,optional image/image_credit supported; no current image fields,not established by source URLs,Actual service/station/vehicle photo if useful; use factual SVG/text for routes and fare graphics.
mandalay-bay-tram,Mandalay Bay Tram,transportation,open,2026-10-08,2,free/;getting-around/,P3_CATEGORY_PAGE,optional actual authorized photo; text-led card remains valid,assets/media/listings/mandalay-bay-tram.jpg,listings/mandalay-bay-tram.jpg,4:3 current card crop,optional image/image_credit supported; no current image fields,not established by source URLs,Actual service/station/vehicle photo if useful; use factual SVG/text for routes and fare graphics.
mirage-ti-tram,Mirage-Treasure Island Tram,transportation,closed,2026-10-08,2,not currently rendered,HOLD_CLOSED_OR_HIDDEN,skip production until record becomes eligible,,,4:3 current card crop,optional image/image_credit supported; no current image fields,not established by source URLs,Actual service/station/vehicle photo if useful; use factual SVG/text for routes and fare graphics.
vegas-loop,Vegas Loop (Tesla tunnel rides),transportation,open,2026-10-08,3,getting-around/,P3_CATEGORY_PAGE,optional actual authorized photo; text-led card remains valid,assets/media/listings/vegas-loop.jpg,listings/vegas-loop.jpg,4:3 current card crop,optional image/image_credit supported; no current image fields,not established by source URLs,Actual service/station/vehicle photo if useful; use factual SVG/text for routes and fare graphics.
lvcc-loop,LVCC Loop,transportation,open,2026-10-08,1,free/;getting-around/,P3_CATEGORY_PAGE,optional actual authorized photo; text-led card remains valid,assets/media/listings/lvcc-loop.jpg,listings/lvcc-loop.jpg,4:3 current card crop,optional image/image_credit supported; no current image fields,not established by source URLs,Actual service/station/vehicle photo if useful; use factual SVG/text for routes and fare graphics.
sapphire,Sapphire Las Vegas,strip-clubs,open,2026-10-08,1,21-plus/,TEXT_ONLY_ADULT,no card photo under current renderer,,,text-only,suppressed for adult:true,not established by source URLs,Keep a text-led card: current cardImage renderer suppresses every adult listing image.
spearmint-rhino,Spearmint Rhino,strip-clubs,open,2026-10-08,1,21-plus/,TEXT_ONLY_ADULT,no card photo under current renderer,,,text-only,suppressed for adult:true,not established by source URLs,Keep a text-led card: current cardImage renderer suppresses every adult listing image.
crazy-horse-3,Crazy Horse 3,strip-clubs,temp_closed,2026-10-08,1,21-plus/,TEXT_ONLY_ADULT,no card photo under current renderer,,,text-only,suppressed for adult:true,not established by source URLs,Keep a text-led card: current cardImage renderer suppresses every adult listing image.
palomino,Palomino Club,strip-clubs,likely_open,2026-10-08,1,21-plus/,HOLD_VERIFICATION,no card photo under current renderer; verify listing text,,,text-only,suppressed for adult:true,not established by source URLs,Keep a text-led card: current cardImage renderer suppresses every adult listing image.
treasures,Treasures Gentlemen's Club,strip-clubs,likely_open,2026-10-08,1,21-plus/,HOLD_VERIFICATION,no card photo under current renderer; verify listing text,,,text-only,suppressed for adult:true,not established by source URLs,Keep a text-led card: current cardImage renderer suppresses every adult listing image.
hustler-club,Larry Flynt's Hustler Club,strip-clubs,likely_open,2026-10-08,1,21-plus/,HOLD_VERIFICATION,no card photo under current renderer; verify listing text,,,text-only,suppressed for adult:true,not established by source URLs,Keep a text-led card: current cardImage renderer suppresses every adult listing image.
little-darlings,Little Darlings,strip-clubs,likely_open,2026-10-08,1,21-plus/,HOLD_VERIFICATION,no card photo under current renderer; verify listing text,,,text-only,suppressed for adult:true,not established by source URLs,Keep a text-led card: current cardImage renderer suppresses every adult listing image.
magic-mike-live,Magic Mike Live,adult-shows,open,2026-10-08,2,21-plus/,TEXT_ONLY_ADULT,no card photo under current renderer,,,text-only,suppressed for adult:true,not established by source URLs,Keep a text-led card: current cardImage renderer suppresses every adult listing image.
thunder-from-down-under,Australia's Thunder From Down Under,adult-shows,open,2026-10-08,2,21-plus/,TEXT_ONLY_ADULT,no card photo under current renderer,,,text-only,suppressed for adult:true,not established by source URLs,Keep a text-led card: current cardImage renderer suppresses every adult listing image.
chippendales,Chippendales,adult-shows,open,2026-10-08,3,21-plus/,TEXT_ONLY_ADULT,no card photo under current renderer,,,text-only,suppressed for adult:true,not established by source URLs,Keep a text-led card: current cardImage renderer suppresses every adult listing image.
fantasy-luxor,FANTASY,adult-shows,open,2026-10-08,1,21-plus/,TEXT_ONLY_ADULT,no card photo under current renderer,,,text-only,suppressed for adult:true,not established by source URLs,Keep a text-led card: current cardImage renderer suppresses every adult listing image.
x-burlesque,X Burlesque,adult-shows,likely_open,2026-10-08,1,21-plus/,HOLD_VERIFICATION,no card photo under current renderer; verify listing text,,,text-only,suppressed for adult:true,not established by source URLs,Keep a text-led card: current cardImage renderer suppresses every adult listing image.
planet-13,Planet 13 (with DAZED! lounge),dispensaries,open,2026-10-08,2,21-plus/,TEXT_ONLY_ADULT,no card photo under current renderer,,,text-only,suppressed for adult:true,not established by source URLs,Keep a text-led card: current cardImage renderer suppresses every adult listing image.
nuwu-sky-high,NuWu Cannabis Marketplace (Sky High lounge),dispensaries,likely_open,2026-10-08,1,21-plus/,HOLD_VERIFICATION,no card photo under current renderer; verify listing text,,,text-only,suppressed for adult:true,not established by source URLs,Keep a text-led card: current cardImage renderer suppresses every adult listing image.
